Rank ID,SYMBOL,INTERVAL,DATA_DURATION,DATA_DURATION_UNITS,MIN_PRICE_RANGE_PCT,MAX_PRICE_RANGE_PCT,MIN_CANDLE_COUNT,MAX_CANDLE_COUNT,WINDOW_START_STRIDE,WINDOW_END_STRIDE,RESISTANCE_AREA_PCT,SUPPORT_AREA_PCT,MIN_HIT_RESISTANCE_COUNT,MIN_HIT_SUPPORT_COUNT,CONSIDER_PIN,MIN_ALTERNATION,MIN_LAST_CANDLE_RETURN_LIVE,LAST_CANDLE_MIN_PCT_ABOVE_SUPPORT_LIVE,NUM_CANDLES_PAUSE,PCT_CANDLES_PAUSE,MIN_BREAKOUT_PCT,USING_RATIO,MIN_OUTSIDE_CANDLE_COUNT,OUTSIDE_TO_INSIDE_CANDLE_RATIO,DESIRED_BINS,PEAK_TROUGH_LOOKUP_WIDTH,UNIQUE_HIT_VALUES,PRICE_RANGE_TOLERANCE,ABSOLUTE_NUM_CANDLES_DIFFERENCE,PCT_CANDLES_DIFFERENCE,NUM_CANDLES_DIFFERENCE,resistance_line,support_line,start_date,end_date,num_candles,price_range_pct,num_res_hits,num_sup_hits,num_res_breakouts,num_sup_breakouts,alternation,last_candle_return,last_candle_pct_above_support,resistance_hits,support_hits,breakout_type,concentration_score,customer_pre_sideway_bar_change,customer_post_sideway_bar_change,pre_sideway_5_bar_change,pre_sideway_10_bar_change,pre_sideway_22_bar_change,pre_sideway_44_bar_change,pre_sideway_132_bar_change,post_sideway_5_bar_change,post_sideway_10_bar_change,post_sideway_22_bar_change,post_sideway_44_bar_change,post_sideway_132_bar_change,concentration_score_scaled,alternation_score_scaled,max_alternation,sideway_score
1,AMZN,1d,20.0,years,0.02,1.0,20.0,250.0,2.0,5.0,0.05,0.05,2.0,2.0,0.0,3.0,-1.0,-1.0,2.0,0.3,0.25,0.0,3.0,0.05,5.0,5.0,1.0,0.15,0.0,1.0,18.0,21.807559132402044,21.108117209247386,2015-05-01,2015-06-19,35.0,0.0331361587687337,4.0,4.0,0.0,2.0,8.0,-0.0101731628979684,0.911988629152502,"['2015-05-11', '2015-05-21', '2015-06-03', '2015-06-11']","['2015-05-18', '2015-05-26', '2015-06-08', '2015-06-15']",BULLISH,0.8965564224523509,0.12597185599304425,0.002575174979894602,-0.04994382513104827,0.12597185599304425,0.13644181105140687,0.11234743367879277,0.34103946595933543,0.025587077930261062,0.00740179569614957,0.03244499937439559,0.031144355989829037,0.5592734980243625,0.0354014679804403,1.0,8.0,0.7106204403941321
2,SO,1d,20.0,years,0.02,1.0,20.0,250.0,2.0,5.0,0.05,0.05,2.0,2.0,0.0,3.0,-1.0,-1.0,2.0,0.3,0.25,0.0,3.0,0.05,5.0,5.0,1.0,0.15,0.0,1.0,18.0,53.53619245347045,51.54646095775943,2020-08-18,2020-09-29,30.0,0.0386007391921927,4.0,4.0,0.0,0.0,6.0,-0.0001861538205852,1.0823268414970073,"['2020-09-02', '2020-09-09', '2020-09-15', '2020-09-22']","['2020-08-26', '2020-09-01', '2020-09-04', '2020-09-10']",BULLISH,11.97387229972142,-0.025532685979284455,0.08640594643809929,-0.02103708098428625,-0.025532685979284455,-0.028032292830074742,-0.056385661949705165,-0.2248685367526337,-0.012064079148965116,-0.023374135374223965,-0.00452399372707002,0.10461827176018763,0.06918005723699855,0.8458178877379764,0.6,8.0,0.6737453663213928
3,COP,1d,20.0,years,0.02,1.0,20.0,250.0,2.0,5.0,0.05,0.05,2.0,2.0,0.0,3.0,-1.0,-1.0,2.0,0.3,0.25,0.0,3.0,0.05,5.0,5.0,1.0,0.15,0.0,1.0,18.0,74.7975333886099,69.2414927622641,2021-11-03,2021-12-15,30.0,0.0802414911160579,4.0,3.0,1.0,0.0,6.0,0.0004244309446427,0.264308060535977,"['2021-11-04', '2021-11-23', '2021-11-29', '2021-12-07']","['2021-11-19', '2021-11-26', '2021-12-01']",BEARISH,11.02214623574139,-0.04314652623174031,0.022203361832159575,-0.02270593086761991,-0.04314652623174031,0.017484963454356017,0.3310154772699193,0.3714177339404053,0.00357440395746796,-0.010585601672803011,0.0009623274248002738,0.07904866880486905,0.4147650080337296,0.7761896097411972,0.6,8.0,0.6528568829223591
4,PEP,1d,20.0,years,0.02,1.0,20.0,250.0,2.0,5.0,0.05,0.05,2.0,2.0,0.0,3.0,-1.0,-1.0,2.0,0.3,0.25,0.0,3.0,0.05,5.0,5.0,1.0,0.15,0.0,1.0,18.0,101.46290442341883,97.77129027743294,2015-11-02,2016-01-13,50.0,0.0377576498736049,5.0,4.0,1.0,1.0,7.0,-0.0114730866120699,-0.3443724688332559,"['2015-11-04', '2015-11-19', '2015-12-04', '2015-12-16', '2015-12-29']","['2015-11-13', '2015-12-11', '2015-12-18', '2016-01-04']",BEARISH,3.037465253019152,0.012178091604977704,0.009844527961059085,-0.01111760658738019,0.012178091604977704,0.08044755646788537,0.0911438845678276,0.07312947209578577,-0.024852112766663086,-0.018145995459532053,-0.02278111590953705,-0.01893489289993056,0.046351054018896366,0.19203035612612918,0.8,8.0,0.6176091068378387
5,GOOGL,1d,20.0,years,0.02,1.0,20.0,250.0,2.0,5.0,0.05,0.05,2.0,2.0,0.0,3.0,-1.0,-1.0,2.0,0.3,0.25,0.0,3.0,0.05,5.0,5.0,1.0,0.15,0.0,1.0,18.0,119.16156753742052,105.23429677162126,2022-04-29,2022-08-16,75.0,0.1323453588141908,4.0,6.0,2.0,0.0,7.0,-0.0031127529252363,1.182263234018198,"['2022-05-04', '2022-06-06', '2022-06-27', '2022-07-07']","['2022-05-20', '2022-05-24', '2022-06-14', '2022-06-16', '2022-07-05', '2022-07-26']",BULLISH,2.014586536375487,-0.09958578041756681,-0.10484794434516433,-0.04619031196240207,-0.09958578041756681,-0.19926246675318335,-0.15134672985670122,-0.19510260120226375,0.014345878998914189,0.017009994276758828,-0.0019060532635846745,-0.007418283348577605,-0.224516800654696,0.11719655012357721,0.8,8.0,0.5951589650370731
6,CCI,1d,20.0,years,0.02,1.0,20.0,250.0,2.0,5.0,0.05,0.05,2.0,2.0,0.0,3.0,-1.0,-1.0,2.0,0.3,0.25,0.0,3.0,0.05,5.0,5.0,1.0,0.15,0.0,1.0,18.0,67.63819332163673,64.04376489965264,2012-09-27,2012-12-10,50.0,0.0561245646257062,5.0,4.0,1.0,1.0,7.0,-0.0083272420779685,1.06727187285253,"['2012-10-04', '2012-10-16', '2012-11-02', '2012-11-23', '2012-11-29']","['2012-10-09', '2012-10-23', '2012-10-25', '2012-11-15']",BULLISH,1.91542414645248,0.013743634227540172,0.04949912708168791,-0.001998727730444017,0.013743634227540172,0.04609193328306499,0.06953378037387555,0.22195039471561007,0.013557190013404039,-0.014327593088951377,0.028346883902037216,0.03943918370302181,0.13541816037924354,0.10994182976474817,0.8,8.0,0.5929825489294244
7,XOM,1d,20.0,years,0.02,1.0,20.0,250.0,2.0,5.0,0.05,0.05,2.0,2.0,0.0,3.0,-1.0,-1.0,2.0,0.3,0.25,0.0,3.0,0.05,5.0,5.0,1.0,0.15,0.0,1.0,18.0,118.96499526605037,113.45047282912084,2024-07-12,2024-09-06,40.0,0.0486073111853441,5.0,3.0,2.0,0.0,7.0,-0.0046832092239294,-0.1469707393055191,"['2024-07-18', '2024-07-31', '2024-08-09', '2024-08-26', '2024-08-29']","['2024-07-23', '2024-08-05', '2024-08-22']",BEARISH,1.7609077319210062,-0.014186291219895017,0.023348697333708122,-0.0008821213821365481,-0.014186291219895017,0.0016801804822712295,-0.024795564743671724,0.106584563966987,0.02471972397581252,0.03584360650051094,0.0405226812334873,-0.01871629893190494,,0.09863740901465219,0.8,8.0,0.5895912227043956
8,RTX,1d,20.0,years,0.02,1.0,20.0,250.0,2.0,5.0,0.05,0.05,2.0,2.0,0.0,3.0,-1.0,-1.0,2.0,0.3,0.25,0.0,3.0,0.05,20.0,5.0,1.0,0.15,0.0,1.0,18.0,47.65861131697632,45.20081531353699,2012-05-17,2012-08-03,55.0,0.0543750369631773,6.0,4.0,2.0,1.0,7.0,0.0318377347050598,1.276656790303174,"['2012-06-07', '2012-06-19', '2012-06-29', '2012-07-10', '2012-07-19', '2012-07-30']","['2012-06-01', '2012-06-28', '2012-07-12', '2012-07-24']",BULLISH,1.43372483825014,-0.0936843116251634,0.046348120863015034,-0.051235619004716376,-0.0936843116251634,-0.09736583551849728,-0.15605937741722703,-0.06395202319639207,0.00231831911861897,-0.01786443181342864,0.04186555666854434,0.012273303422062691,0.0750034015129336,0.0747007088038405,0.8,8.0,0.5824102126411521
9,AMZN,1d,20.0,years,0.02,1.0,20.0,250.0,2.0,5.0,0.05,0.05,2.0,2.0,0.0,3.0,-1.0,-1.0,2.0,0.3,0.25,0.0,3.0,0.05,20.0,5.0,1.0,0.15,0.0,1.0,18.0,172.9001437434126,147.5887234826024,2020-07-02,2021-06-29,250.0,0.1714996895666888,5.0,6.0,4.0,2.0,7.0,0.0012340341405478,0.980516855329842,"['2020-08-26', '2020-10-12', '2021-02-03', '2021-04-19', '2021-04-27']","['2020-07-14', '2020-07-23', '2020-09-17', '2020-09-24', '2020-11-02', '2021-03-04']",BULLISH,1.1867631843395574,0.0890435783703951,0.06772928077289163,0.04927063502192726,0.0890435783703951,0.16902132704025,0.16827003197191284,0.611991042163361,0.10715151144000037,0.024796706977716562,0.08598760312471788,0.16527692355612197,0.07746943675571631,0.056632994422750216,0.8,8.0,0.576989898326825
10,CCI,1d,20.0,years,0.02,1.0,20.0,250.0,2.0,5.0,0.05,0.05,2.0,2.0,0.0,3.0,-1.0,-1.0,2.0,0.3,0.25,0.0,3.0,0.05,5.0,5.0,1.0,0.15,0.0,1.0,18.0,35.4303192346231,32.59439324253278,2006-06-19,2006-12-28,135.0,0.0870065587964277,7.0,6.0,0.0,3.0,7.0,0.0012418788160297,-0.121439432303004,"['2006-07-03', '2006-07-06', '2006-08-01', '2006-09-13', '2006-09-25', '2006-09-29', '2006-11-30']","['2006-07-14', '2006-07-18', '2006-07-21', '2006-08-10', '2006-10-24', '2006-11-08']",BEARISH,1.1134949649268508,-0.029706071751225784,0.0595348269440407,0.06416218094156696,-0.029706071751225784,-0.02852814627135058,0.05434774960508598,0.1781375867371527,0.03655114167424105,0.09434553627364954,0.039050298829885345,0.04654800864092733,-0.0024991571556443044,0.05127269155549156,0.8,8.0,0.5753818074666474
11,XOM,1d,20.0,years,0.02,1.0,20.0,250.0,2.0,5.0,0.05,0.05,2.0,2.0,0.0,3.0,-1.0,-1.0,2.0,0.3,0.25,0.0,3.0,0.05,5.0,5.0,1.0,0.15,0.0,1.0,18.0,108.454137537619,102.2612921921885,2023-05-10,2023-07-14,45.0,0.0605590366860585,4.0,4.0,2.0,2.0,7.0,-0.0344365644020804,-0.2133574596299595,"['2023-05-23', '2023-06-07', '2023-06-13', '2023-07-03']","['2023-05-16', '2023-05-31', '2023-06-20', '2023-07-06']",BEARISH,0.8833590796925037,-0.06678215061304144,0.031900150018049474,-0.0017604228747245972,-0.06678215061304144,-0.059367932577308026,-0.02036738884153578,-0.02673892652279505,-0.02710226681679958,-0.0013922547693806305,-0.012251714507115987,-0.06311486501940951,-0.04900685802846487,0.03443595039583341,0.8,8.0,0.57033078511875
12,UNP,1d,20.0,years,0.02,1.0,20.0,250.0,2.0,5.0,0.05,0.05,2.0,2.0,0.0,3.0,-1.0,-1.0,2.0,0.3,0.25,0.0,3.0,0.05,5.0,5.0,1.0,0.15,0.0,1.0,18.0,23.147086269552783,22.396591057042222,2006-10-17,2006-12-05,35.0,0.0335093501774048,6.0,4.0,0.0,0.0,7.0,0.0416892445168334,2.1198112306358476,"['2006-10-18', '2006-10-23', '2006-10-25', '2006-11-13', '2006-11-16', '2006-11-22']","['2006-10-19', '2006-11-03', '2006-11-14', '2006-11-28']",BULLISH,0.4564349335490724,0.044277131169956324,-0.03470551649372577,0.01227876760636781,0.044277131169956324,0.09200475899399062,0.11434484992195479,-0.013688258889585112,-0.00010930101624933437,-0.00961648849600551,0.005245281568505433,0.012129828264008893,0.2484974028294373,0.0032021802425803575,0.8,8.0,0.5609606540727741
13,CCI,1d,20.0,years,0.02,1.0,20.0,250.0,2.0,5.0,0.05,0.05,2.0,2.0,0.0,3.0,-1.0,-1.0,2.0,0.3,0.25,0.0,3.0,0.05,5.0,5.0,1.0,0.15,0.0,1.0,18.0,34.902491492583565,32.79934743308857,2006-09-27,2006-12-06,50.0,0.0641215214353107,3.0,3.0,1.0,1.0,6.0,0.0251479972782473,0.8799464232776874,"['2006-10-12', '2006-10-26', '2006-11-17']","['2006-10-06', '2006-10-24', '2006-11-08']",BULLISH,2.355599752979419,-0.016361123231936277,-0.04357870331124516,0.004609618312657476,-0.016361123231936277,0.04495055582895935,0.0399642171599265,0.192136715619992,-0.0025810196542792384,-0.014912545847203593,-0.02466305238584871,-0.0020074475758074016,-0.0519070150282886,0.1421450767479071,0.6,8.0,0.4626435230243721
14,COP,1d,20.0,years,0.02,1.0,20.0,250.0,2.0,5.0,0.05,0.05,2.0,2.0,0.0,3.0,-1.0,-1.0,2.0,0.3,0.25,0.0,3.0,0.05,20.0,5.0,1.0,0.15,0.0,1.0,18.0,114.83470961662483,102.3050275396287,2024-05-31,2024-11-19,120.0,0.1224737667182844,7.0,4.0,2.0,0.0,6.0,-0.0058896429831067,0.8607535875201952,"['2024-06-12', '2024-06-24', '2024-07-11', '2024-08-26', '2024-08-29', '2024-10-04', '2024-11-06']","['2024-08-05', '2024-09-11', '2024-09-26', '2024-10-28']",BULLISH,2.34030319087756,-0.027956258223580426,,-0.009944735688660009,-0.027956258223580426,-0.07275910834110486,-0.08485225900332102,0.009446260274293232,-0.03846156617291097,-0.06086885098688587,-0.014680689084693416,-0.10224934167981735,,0.14102598027810026,0.6,8.0,0.46230779408343003
15,SO,1d,20.0,years,0.02,1.0,20.0,250.0,2.0,5.0,0.05,0.05,2.0,2.0,0.0,3.0,-1.0,-1.0,2.0,0.3,0.25,0.0,3.0,0.05,5.0,5.0,1.0,0.15,0.0,1.0,18.0,44.82068239190599,42.94068676996177,2018-01-26,2018-04-09,50.0,0.043781219243548,4.0,5.0,1.0,0.0,6.0,-0.0004465384540043,0.9730414616126049,"['2018-01-30', '2018-02-12', '2018-03-05', '2018-03-27']","['2018-02-06', '2018-02-08', '2018-02-21', '2018-02-28', '2018-03-23']",BULLISH,1.9277636448805235,-0.020773450314010705,0.010498128565947356,-0.0029252308153726813,-0.020773450314010705,-0.08639172426204092,-0.13625727032603466,-0.06182507298849428,-0.003159629880537391,0.0004513756972196273,-0.028210335392890994,-0.0022568784860981365,0.10561950259827278,0.11084458745880106,0.6,8.0,0.4532533762376403
16,KO,1d,20.0,years,0.02,1.0,20.0,250.0,2.0,5.0,0.05,0.05,2.0,2.0,0.0,3.0,-1.0,-1.0,2.0,0.3,0.25,0.0,3.0,0.05,5.0,5.0,1.0,0.15,0.0,1.0,18.0,23.442144638514502,20.50449163681035,2008-10-09,2009-02-10,85.0,0.1432687556335404,8.0,3.0,2.0,0.0,6.0,-0.0387615965756263,-0.0576965871188223,"['2008-10-13', '2008-10-20', '2008-11-04', '2008-11-07', '2008-11-14', '2008-11-28', '2008-12-08', '2008-12-16']","['2008-10-10', '2008-10-24', '2008-11-20']",BEARISH,1.653118784056097,-0.15856976277860596,0.041799873112301614,-0.19216417034104105,-0.15856976277860596,-0.1963623166539923,-0.19829660094995216,-0.28500663383146335,0.05727481722710284,-0.005542675935294628,0.06004624329399555,0.021247159349950744,-0.00484986346819419,0.09075156968444367,0.6,8.0,0.4472254709053331
17,NFLX,1d,20.0,years,0.02,1.0,20.0,250.0,2.0,5.0,0.05,0.05,2.0,2.0,0.0,3.0,-1.0,-1.0,2.0,0.3,0.25,0.0,3.0,0.05,5.0,5.0,1.0,0.15,0.0,1.0,18.0,555.2310520917435,468.4151337257862,2020-06-30,2020-11-11,95.0,0.1853396957425805,3.0,5.0,2.0,1.0,6.0,0.021905754924982,0.2573822457956142,"['2020-07-10', '2020-09-01', '2020-10-12']","['2020-07-23', '2020-08-11', '2020-09-14', '2020-09-17', '2020-10-30']",BEARISH,1.570060359626016,0.043358639512065825,-0.011736917538117746,-0.02406382916335262,0.043358639512065825,0.08412550123737496,0.12681084534442363,0.3696948012549851,0.10491383029600589,0.1499208859433036,0.07436707916321586,0.22307923993902118,0.11834125591662016,0.08467501542679597,0.6,8.0,0.44540250462803876
18,MSFT,1d,20.0,years,0.02,1.0,20.0,250.0,2.0,5.0,0.05,0.05,2.0,2.0,0.0,3.0,-1.0,-1.0,2.0,0.3,0.25,0.0,3.0,0.05,5.0,5.0,1.0,0.15,0.0,1.0,18.0,27.68133860060197,26.38945331840365,2012-11-14,2013-01-28,50.0,0.04895460571354,4.0,5.0,0.0,0.0,6.0,0.0010760648331627,1.1769981049873424,"['2012-11-23', '2012-12-12', '2012-12-18', '2013-01-02']","['2012-11-16', '2012-12-03', '2012-12-07', '2012-12-31', '2013-01-10']",BULLISH,1.4688026406177566,-0.059565546895780176,-0.0017914452645612067,-0.07702887816351447,-0.059565546895780176,-0.07288430240916244,-0.1282884262906103,-0.12430667254034633,0.004098383372809196,0.004098383372809196,0.009687042749765668,0.015275702126722138,0.3047690111278584,0.077267000793948,0.6,8.0,0.4431801002381844
19,LIN,1d,20.0,years,0.02,1.0,20.0,250.0,2.0,5.0,0.05,0.05,2.0,2.0,0.0,3.0,-1.0,-1.0,2.0,0.3,0.25,0.0,3.0,0.05,5.0,5.0,1.0,0.15,0.0,1.0,18.0,169.20371328993926,155.62982693493646,2018-05-08,2018-12-17,155.0,0.0872190544854719,4.0,10.0,0.0,12.0,6.0,0.0025489656148768,0.1252533616130954,"['2018-07-16', '2018-10-01', '2018-10-22', '2018-10-29']","['2018-05-25', '2018-06-19', '2018-08-06', '2018-08-09', '2018-09-04', '2018-10-11', '2018-11-02', '2018-11-14', '2018-11-23', '2018-12-06']",BEARISH,1.4273731845038347,0.04918927156798353,-0.0008263197184228273,0.004566190047666545,0.04918927156798353,0.07556926859690323,0.002277944142005159,0.029411722707015146,0.029740271630225242,0.033831212427709006,0.03785715474710836,0.06532465947138799,0.019025926466112012,0.0742360218213935,0.6,8.0,0.44227080654641804
20,HON,1d,20.0,years,0.02,1.0,20.0,250.0,2.0,5.0,0.05,0.05,2.0,2.0,0.0,3.0,-1.0,-1.0,2.0,0.3,0.25,0.0,3.0,0.05,5.0,5.0,1.0,0.15,0.0,1.0,18.0,58.93342821846728,50.69002217967085,2007-04-24,2008-03-20,230.0,0.1626238396498954,3.0,4.0,0.0,2.0,6.0,-0.014879369541941,0.1296076277521535,"['2007-07-19', '2007-10-10', '2007-12-19']","['2007-08-10', '2007-08-16', '2007-11-26', '2008-01-22']",BEARISH,1.3842909921061763,0.1260110724194008,0.07331000322667137,0.11041135395576454,0.1260110724194008,0.11181169466692926,0.09933499110896209,0.25653206402502426,0.041209844537834515,0.05463137442871154,0.05841216697389782,0.058790208409145214,0.1325141880886995,0.07108412866378652,0.6,8.0,0.4413252385991359
21,LIN,1d,20.0,years,0.02,1.0,20.0,250.0,2.0,5.0,0.05,0.05,2.0,2.0,0.0,3.0,-1.0,-1.0,2.0,0.3,0.25,0.0,3.0,0.05,20.0,5.0,1.0,0.15,0.0,1.0,18.0,166.73385997182817,154.6526197631819,2018-05-22,2018-12-24,150.0,0.078118561632814,10.0,11.0,3.0,5.0,6.0,-0.032525607130083,-0.539896133817561,"['2018-07-09', '2018-07-12', '2018-07-20', '2018-07-26', '2018-09-19', '2018-10-01', '2018-10-18', '2018-10-22', '2018-10-25', '2018-11-06']","['2018-05-29', '2018-06-19', '2018-06-25', '2018-08-06', '2018-08-10', '2018-08-22', '2018-09-04', '2018-10-11', '2018-11-14', '2018-11-27', '2018-12-06']",BEARISH,1.1419066556327,0.033831212427709006,0.06973605272764881,0.003972788974259719,0.033831212427709006,0.05661013042680459,0.05984559592670987,0.07241007351373019,-0.017084360944670526,0.01921988210259415,-0.006720729094257066,0.041454623242294625,-0.018340640064052217,0.05335129082233572,0.6,8.0,0.4360053872467007
22,CCI,1d,20.0,years,0.02,1.0,20.0,250.0,2.0,5.0,0.05,0.05,2.0,2.0,0.0,3.0,-1.0,-1.0,2.0,0.3,0.25,0.0,3.0,0.05,20.0,5.0,1.0,0.15,0.0,1.0,18.0,111.6663081789321,103.56469977669724,2017-11-30,2018-04-11,90.0,0.0782275082118065,6.0,3.0,3.0,0.0,6.0,0.0117715286365099,0.1598819357026698,"['2017-12-12', '2017-12-29', '2018-01-31', '2018-02-26', '2018-03-12', '2018-03-26']","['2018-01-10', '2018-02-08', '2018-03-02']",BEARISH,1.1060469428140096,0.003998195788899836,0.0032423835200423934,0.010371993026580364,0.003998195788899836,0.06493261096990592,0.12393076358673814,0.11693191702247115,-0.0291150523497995,-0.021150437076534846,-0.040088484772538714,-0.022035379325393956,-0.07362831588340017,0.05072779426432107,0.6,8.0,0.4352183382792963
23,DUK,1d,20.0,years,0.02,1.0,20.0,250.0,2.0,5.0,0.05,0.05,2.0,2.0,0.0,3.0,-1.0,-1.0,2.0,0.3,0.25,0.0,3.0,0.05,5.0,5.0,1.0,0.15,0.0,1.0,18.0,47.32802491201605,43.31295653828761,2008-11-14,2009-02-19,65.0,0.0926990142125074,4.0,6.0,0.0,0.0,6.0,0.0062456733893757,0.0465853739717765,"['2008-11-19', '2008-11-24', '2009-01-05', '2009-02-05']","['2008-11-20', '2008-12-02', '2008-12-09', '2008-12-18', '2008-12-23', '2009-01-21']",BEARISH,1.0937763868073138,-0.04517707057950795,-0.1696551969681663,-0.03753849909855769,-0.04517707057950795,0.05604316557880969,-0.1243001760826606,-0.15276277963166612,-0.03836315659219063,-0.057544694237205235,-0.06585670201359438,-0.050511488158014976,-0.10294113821074756,0.04983008039775285,0.6,8.0,0.43494902411932584
24,MSFT,1d,20.0,years,0.02,1.0,20.0,250.0,2.0,5.0,0.05,0.05,2.0,2.0,0.0,3.0,-1.0,-1.0,2.0,0.3,0.25,0.0,3.0,0.05,20.0,5.0,1.0,0.15,0.0,1.0,18.0,138.8079180694716,133.40127818285836,2019-08-01,2019-09-19,35.0,0.0405291460491267,5.0,4.0,2.0,1.0,6.0,0.0184089154858969,1.4183909604092615,"['2019-08-08', '2019-08-13', '2019-08-19', '2019-08-30', '2019-09-05']","['2019-08-05', '2019-08-14', '2019-08-23', '2019-08-28']",BULLISH,1.0706117573839722,0.012021693385579941,-0.033954833034870985,-0.015193700304718633,0.012021693385579941,0.01754131051952311,0.09806723830792134,0.2937868872935153,0.0060118922622929075,-0.03172537273842549,-0.014631350921208236,-0.012892936482498701,0.36679704682854586,0.04813535612968379,0.6,8.0,0.4344406068389051
25,SO,1d,20.0,years,0.02,1.0,20.0,250.0,2.0,5.0,0.05,0.05,2.0,2.0,0.0,3.0,-1.0,-1.0,2.0,0.3,0.25,0.0,3.0,0.05,20.0,5.0,1.0,0.15,0.0,1.0,18.0,38.50110557757112,37.56036444071939,2010-10-05,2011-01-20,75.0,0.0250461131264175,4.0,5.0,0.0,2.0,6.0,-0.0013003702488541,0.8925272343988652,"['2010-10-22', '2010-11-04', '2010-12-29', '2011-01-03']","['2010-10-08', '2010-10-28', '2010-11-29', '2010-12-08', '2011-01-10']",BULLISH,1.0244823562011416,0.01613343132493293,-0.02109378492459516,0.0071961741596355214,0.01613343132493293,0.025787208442036847,0.061218766296287884,0.13347332761166886,-0.007938587716130001,0.002116909616812205,0.017464933353333826,0.002646162257170147,-0.005557001306829045,0.044760529180055894,0.6,8.0,0.43342815875401675
26,UNP,1d,20.0,years,0.02,1.0,20.0,250.0,2.0,5.0,0.05,0.05,2.0,2.0,0.0,3.0,-1.0,-1.0,2.0,0.3,0.25,0.0,3.0,0.05,5.0,5.0,1.0,0.15,0.0,1.0,18.0,138.84424083166283,128.53830608085093,2018-02-13,2018-05-09,60.0,0.0801779256708847,5.0,4.0,0.0,2.0,6.0,0.0204974661438304,1.1024412719805323,"['2018-02-26', '2018-03-13', '2018-03-16', '2018-03-21', '2018-04-17']","['2018-03-01', '2018-04-06', '2018-04-11', '2018-04-26']",BULLISH,0.952793527770658,-0.05215719213031565,0.03123667309957173,-0.021730773750367364,-0.05215719213031565,-0.08585680461510127,-0.006273701144485994,0.25195158908118137,0.03273575096134532,0.015198728775209261,0.06905690101018414,0.08308654254520163,0.17162902376220363,0.039515774555656046,0.6,8.0,0.4318547323666968
27,CCI,1d,20.0,years,0.02,1.0,20.0,250.0,2.0,5.0,0.05,0.05,2.0,2.0,0.0,3.0,-1.0,-1.0,2.0,0.3,0.25,0.0,3.0,0.05,20.0,5.0,1.0,0.15,0.0,1.0,18.0,43.970161246644494,38.60691131121277,2011-02-17,2011-12-22,215.0,0.1389194253898797,7.0,4.0,2.0,1.0,6.0,0.0097883064463607,1.0726871520813597,"['2011-04-26', '2011-07-28', '2011-08-03', '2011-08-31', '2011-09-15', '2011-12-05', '2011-12-13']","['2011-03-08', '2011-03-10', '2011-08-08', '2011-10-04']",BULLISH,0.8956727408012093,0.005000027743252841,0.0286294057774948,-0.025132261338380125,0.005000027743252841,0.05185538196243485,0.05010687674587395,0.13530167790851563,-0.035052080709399094,-0.07440074230452567,-0.14111265278629898,-0.019900521117652784,-0.05879697460526252,0.035336817831626434,0.6,8.0,0.4306010453494879
28,JNJ,1d,20.0,years,0.02,1.0,20.0,250.0,2.0,5.0,0.05,0.05,2.0,2.0,0.0,3.0,-1.0,-1.0,2.0,0.3,0.25,0.0,3.0,0.05,20.0,5.0,1.0,0.15,0.0,1.0,18.0,65.88900982060932,62.1682229294343,2011-08-12,2012-06-19,215.0,0.0598503015825045,7.0,7.0,1.0,4.0,6.0,0.006334813719653,1.223337542406623,"['2011-08-29', '2011-09-08', '2011-10-28', '2011-12-23', '2012-01-26', '2012-02-23', '2012-03-30']","['2011-08-18', '2011-09-12', '2011-09-22', '2011-10-03', '2011-10-19', '2011-11-23', '2012-05-25']",BULLISH,0.7558429600994888,-0.02207131169885618,0.01978416772592361,0.010365197502288757,-0.02207131169885618,-0.0631376137288044,-0.041307245858839686,0.04210528627326973,-0.00347224145492167,0.014520172981106411,0.005839629550513551,0.02146465589094975,0.025883828501423647,0.025106871199490944,0.6,8.0,0.4275320613598473
29,APD,1d,20.0,years,0.02,1.0,20.0,250.0,2.0,5.0,0.05,0.05,2.0,2.0,0.0,3.0,-1.0,-1.0,2.0,0.3,0.25,0.0,3.0,0.05,5.0,5.0,1.0,0.15,0.0,1.0,18.0,70.80666639540823,67.65308193519249,2009-08-05,2009-09-16,30.0,0.0466140546743558,4.0,4.0,1.0,1.0,6.0,0.0275038401438732,1.7796933730186282,"['2009-08-13', '2009-08-21', '2009-08-28', '2009-09-09']","['2009-08-11', '2009-08-17', '2009-09-02', '2009-09-14']",BULLISH,0.7186511025389165,0.06353760498940281,-0.020454532437854413,0.025810926446048335,0.06353760498940281,0.18212191449831439,0.11675439804784432,0.35744298521550616,0.014397173698241951,0.0024219451198887803,0.01103330554616,0.05153388747881561,-0.07790640072655025,0.022385914933341567,0.6,8.0,0.4267157744800025
30,PG,1d,20.0,years,0.02,1.0,20.0,250.0,2.0,5.0,0.05,0.05,2.0,2.0,0.0,3.0,-1.0,-1.0,2.0,0.3,0.25,0.0,3.0,0.05,5.0,5.0,1.0,0.15,0.0,1.0,18.0,57.22080816915202,55.63112340470687,2006-06-21,2006-08-02,30.0,0.0285754568154316,4.0,4.0,0.0,2.0,6.0,0.0421956123274536,1.672581615103106,"['2006-06-30', '2006-07-11', '2006-07-25', '2006-07-28']","['2006-06-30', '2006-07-05', '2006-07-14', '2006-08-01']",BULLISH,0.5577180024688989,0.04845976587188794,0.036541383083948074,0.018055769299807227,0.04845976587188794,0.030840223857559843,-0.004458712348148583,-0.026338777045224623,-0.0008957226322805397,0.011286296516652432,0.019347936885689882,0.09136507527774099,0.15514159278851364,0.010612049474936078,0.6,8.0,0.4231836148424808
31,PEP,1d,20.0,years,0.02,1.0,20.0,250.0,2.0,5.0,0.05,0.05,2.0,2.0,0.0,3.0,-1.0,-1.0,2.0,0.3,0.25,0.0,3.0,0.05,20.0,5.0,1.0,0.15,0.0,1.0,18.0,66.75724279022367,62.38391168799457,2011-10-18,2012-05-08,140.0,0.0701035088037085,5.0,3.0,0.0,4.0,5.0,-0.0015011422904925,0.9457516155050918,"['2011-11-16', '2011-12-23', '2012-01-25', '2012-02-02', '2012-04-02']","['2011-11-23', '2012-02-17', '2012-03-01']",BULLISH,5.070728085990966,0.03242347493358987,0.02345167268060717,0.023954045384695158,0.03242347493358987,0.0058017826716836645,-0.021173125935688247,-0.05496670226819678,-0.009453615671052682,-0.0028841580774854807,0.026918706851241536,0.049991971471125385,0.059125118342104814,0.34078386318323034,0.4,8.0,0.38223515895496907
32,PG,1d,20.0,years,0.02,1.0,20.0,250.0,2.0,5.0,0.05,0.05,2.0,2.0,0.0,3.0,-1.0,-1.0,2.0,0.3,0.25,0.0,3.0,0.05,5.0,5.0,1.0,0.15,0.0,1.0,18.0,66.01004165899921,57.45286268478533,2008-10-09,2009-01-27,75.0,0.1489426039771556,4.0,5.0,0.0,2.0,5.0,0.0058542103478385,-0.0879801537533039,"['2008-10-14', '2008-11-04', '2008-11-10', '2008-11-13']","['2008-10-10', '2008-10-16', '2008-10-23', '2008-11-25', '2008-12-11']",BEARISH,4.045237770109736,-0.11137061494967061,-0.0925925913466924,-0.14781636355558822,-0.11137061494967061,-0.1531506247740844,-0.097806786610662,-0.13608627765669,0.01461891218846509,-0.0050920066992799886,0.06685275638502801,-0.03777922465026251,-0.15620896795961384,0.2657589925827741,0.4,8.0,0.3597276977748322
33,PEP,1d,20.0,years,0.02,1.0,20.0,250.0,2.0,5.0,0.05,0.05,2.0,2.0,0.0,3.0,-1.0,-1.0,2.0,0.3,0.25,0.0,3.0,0.05,20.0,5.0,1.0,0.15,0.0,1.0,18.0,138.10321159906448,129.83552343094675,2020-04-07,2020-08-27,100.0,0.0636781671890814,6.0,11.0,1.0,2.0,5.0,-0.0005055775518277,1.0358966486622418,"['2020-04-14', '2020-04-17', '2020-05-18', '2020-07-13', '2020-07-24', '2020-08-12']","['2020-04-08', '2020-04-13', '2020-04-23', '2020-05-01', '2020-05-07', '2020-05-14', '2020-05-21', '2020-06-04', '2020-06-11', '2020-06-22', '2020-06-24']",BULLISH,3.7282516270325563,0.14617006258730844,-0.018713847197332975,0.08642795491504215,0.14617006258730844,-0.04939530125771069,-0.0889540942925396,-0.03775818691385604,0.03487126916572615,0.016400976852551888,0.02874003772831613,0.027973706888335434,0.0922747466214142,0.24256828663635394,0.4,8.0,0.35277048599090616
34,SHW,1d,20.0,years,0.02,1.0,20.0,250.0,2.0,5.0,0.05,0.05,2.0,2.0,0.0,3.0,-1.0,-1.0,2.0,0.3,0.25,0.0,3.0,0.05,5.0,5.0,1.0,0.15,0.0,1.0,18.0,246.4536084150076,239.53366252718743,2020-12-10,2021-01-25,30.0,0.028889241765903,4.0,4.0,1.0,2.0,5.0,0.0028818034801716,0.7552561919374772,"['2020-12-22', '2021-01-07', '2021-01-11', '2021-01-21']","['2020-12-18', '2021-01-04', '2021-01-11', '2021-01-14']",BULLISH,3.5893745982194436,-0.01563075921474359,-0.013986454738481778,0.016623147707321918,-0.01563075921474359,0.04206964640280169,0.04582438629752417,0.2515126273402925,0.008932757288720401,0.01956042681364894,0.011558434026247101,-0.017226520199929946,0.13970154485539574,0.23240804333154408,0.4,8.0,0.34972241299946316
35,KO,1d,20.0,years,0.02,1.0,20.0,250.0,2.0,5.0,0.05,0.05,2.0,2.0,0.0,3.0,-1.0,-1.0,2.0,0.3,0.25,0.0,3.0,0.05,5.0,5.0,1.0,0.15,0.0,1.0,18.0,22.332430825867064,21.652812525164656,2005-07-22,2005-09-16,40.0,0.0313870680731458,4.0,2.0,0.0,1.0,5.0,-0.0052715914876383,0.069433441868806,"['2005-07-28', '2005-08-03', '2005-08-19', '2005-09-06']","['2005-08-16', '2005-08-29']",BEARISH,3.518628831874006,0.03042357245465388,-0.004838776308445511,0.022051924509375924,0.03042357245465388,0.008012785523713204,-0.02696135294371531,0.06972786546463558,-0.006132193169413271,0.0006814125556651362,0.0036338826220303003,-0.03815581085061789,-0.06018618634229191,0.2272322831284499,0.4,8.0,0.34816968493853495
36,PLD,1d,20.0,years,0.02,1.0,20.0,250.0,2.0,5.0,0.05,0.05,2.0,2.0,0.0,3.0,-1.0,-1.0,2.0,0.3,0.25,0.0,3.0,0.05,20.0,5.0,1.0,0.15,0.0,1.0,18.0,86.26986604354056,84.22022932400456,2019-09-17,2019-10-14,20.0,0.0243366318993364,2.0,3.0,2.0,2.0,5.0,0.0048928916153092,0.9951874850718304,"['2019-09-26', '2019-10-04']","['2019-09-23', '2019-10-01', '2019-10-08']",BULLISH,3.3549337477101826,0.02211189255445247,-0.004289389490133396,0.03806900355632233,0.02211189255445247,0.06440097790782477,0.06113434093915731,0.21763635783290797,-0.025682567769568992,-0.025335520355760668,0.03146692669920839,0.03991204130958677,-0.10122628126868954,0.21525635091619091,0.4,8.0,0.34457690527485724
37,LIN,1d,20.0,years,0.02,1.0,20.0,250.0,2.0,5.0,0.05,0.05,2.0,2.0,0.0,3.0,-1.0,-1.0,2.0,0.3,0.25,0.0,3.0,0.05,5.0,5.0,1.0,0.15,0.0,1.0,18.0,114.76199286537872,109.01750180731396,2012-12-28,2013-05-15,95.0,0.052693292020377,4.0,3.0,0.0,2.0,5.0,0.0073504023123716,1.0623222975864328,"['2013-01-10', '2013-03-05', '2013-04-29', '2013-05-03']","['2013-02-21', '2013-04-15', '2013-04-19']",BULLISH,2.9171971044543916,0.003907686600553294,0.0016504065972788536,-0.014251759287791205,0.003907686600553294,0.014956297655907632,0.02810866758854264,-0.002311604220737604,0.04810004391674584,0.0574605825816895,0.02289157725461876,0.05106582074430222,0.08582022247710103,0.18323153848378626,0.4,8.0,0.33496946154513585
38,APD,1d,20.0,years,0.02,1.0,20.0,250.0,2.0,5.0,0.05,0.05,2.0,2.0,0.0,3.0,-1.0,-1.0,2.0,0.3,0.25,0.0,3.0,0.05,20.0,5.0,1.0,0.15,0.0,1.0,18.0,170.26901080068316,152.8074070568951,2017-10-04,2018-10-01,250.0,0.1142719720208755,6.0,3.0,4.0,0.0,5.0,0.0142471689945796,0.9519506834989088,"['2018-01-09', '2018-01-23', '2018-03-09', '2018-05-21', '2018-06-11', '2018-09-14']","['2018-02-06', '2018-02-08', '2018-07-20']",BULLISH,2.8555741432511716,0.01271690437990323,-0.07513425177264214,0.010441359343053298,0.01271690437990323,0.04977686442714638,0.03234078229959871,0.11402545644068761,0.0001961986951888607,0.001962086747766119,0.04153045361018572,0.04918250211018383,0.08194898155313123,0.1787232026968065,0.4,8.0,0.3336169608090419
39,COP,1d,20.0,years,0.02,1.0,20.0,250.0,2.0,5.0,0.05,0.05,2.0,2.0,0.0,3.0,-1.0,-1.0,2.0,0.3,0.25,0.0,3.0,0.05,20.0,5.0,1.0,0.15,0.0,1.0,18.0,70.65625143389445,64.95412646929788,2018-04-16,2018-07-17,65.0,0.087786954802507,4.0,4.0,2.0,0.0,5.0,-0.0042505390191958,0.9340153614777542,"['2018-05-15', '2018-06-11', '2018-06-29', '2018-07-03']","['2018-04-23', '2018-05-25', '2018-06-15', '2018-06-21']",BULLISH,2.7821677269571876,0.13152010990320756,0.026892422061412936,0.08429568649103159,0.13152010990320756,0.21812461957301688,0.2635525332280882,0.3329953665857439,-0.003803438113983125,-0.0034992141364211817,0.06268058583254124,0.013235890350760612,0.09615091087862461,0.17335278934583614,0.4,8.0,0.33200583680375084
40,JNJ,1d,20.0,years,0.02,1.0,20.0,250.0,2.0,5.0,0.05,0.05,2.0,2.0,0.0,3.0,-1.0,-1.0,2.0,0.3,0.25,0.0,3.0,0.05,5.0,5.0,1.0,0.15,0.0,1.0,18.0,69.53138154896578,67.20987344798705,2012-06-29,2012-10-08,70.0,0.0345411764950773,4.0,3.0,0.0,0.0,5.0,-0.0030150621661455,0.960638040624968,"['2012-07-18', '2012-07-27', '2012-09-25', '2012-10-01']","['2012-07-24', '2012-08-24', '2012-08-28']",BULLISH,2.6601541746430524,0.023481220605998825,0.033698102759502684,0.013957681877708232,0.023481220605998825,0.08599901226258706,0.04194943513767034,0.04711718961092096,0.0032563828989532057,0.013173466871080845,0.026939013626306914,-0.0019241749277036921,0.06853175029790325,0.16442627796673678,0.4,8.0,0.329327883390021
41,META,1d,20.0,years,0.02,1.0,20.0,250.0,2.0,5.0,0.05,0.05,2.0,2.0,0.0,3.0,-1.0,-1.0,2.0,0.3,0.25,0.0,3.0,0.05,5.0,5.0,1.0,0.15,0.0,1.0,18.0,183.4324493232018,160.86323778966897,2022-06-10,2022-09-06,60.0,0.1403006171182654,2.0,8.0,0.0,6.0,5.0,-0.0111028814668538,-0.1029386649189908,"['2022-07-20', '2022-08-11']","['2022-06-14', '2022-06-16', '2022-06-28', '2022-07-11', '2022-07-26', '2022-07-28', '2022-08-23', '2022-08-26']",BEARISH,2.5184635695672033,-0.08380732218012998,-0.07852906191166822,-0.07972529380647364,-0.08380732218012998,-0.11171255883685807,-0.21251397296508012,-0.43473920195060967,-0.06738053959984551,-0.03463007106804392,-0.09978927801778456,0.030301257865789407,-0.347952391745775,0.15406019342504024,0.4,8.0,0.326218058027512
42,UNH,1d,20.0,years,0.02,1.0,20.0,250.0,2.0,5.0,0.05,0.05,2.0,2.0,0.0,3.0,-1.0,-1.0,2.0,0.3,0.25,0.0,3.0,0.05,20.0,5.0,1.0,0.15,0.0,1.0,18.0,123.78907887254591,110.7450630751411,2015-07-16,2016-02-10,145.0,0.1177841741672438,4.0,8.0,2.0,4.0,5.0,0.0142136933214109,0.152938697684291,"['2015-08-05', '2015-08-17', '2015-09-17', '2015-10-13']","['2015-08-24', '2015-09-04', '2015-09-28', '2015-10-22', '2015-11-13', '2015-11-19', '2016-01-08', '2016-01-28']",BEARISH,2.508272900316776,0.012562839084638474,0.07503990814950527,0.0468409932865929,0.012562839084638474,0.05000837771362737,0.07828413297983235,0.2629397757550299,-0.044825089733783526,-0.034979610469119404,-0.00888498045017275,-0.013367471102744496,-0.09245179719477929,0.15331464407171616,0.4,8.0,0.3259943932215148
43,UNH,1d,20.0,years,0.02,1.0,20.0,250.0,2.0,5.0,0.05,0.05,2.0,2.0,0.0,3.0,-1.0,-1.0,2.0,0.3,0.25,0.0,3.0,0.05,20.0,5.0,1.0,0.15,0.0,1.0,18.0,29.475033203697556,23.866272816939315,2009-04-27,2009-12-10,160.0,0.2350078049379109,9.0,3.0,1.0,3.0,5.0,0.0635087531909608,1.1488682355224344,"['2009-05-08', '2009-07-28', '2009-08-17', '2009-08-24', '2009-09-04', '2009-09-11', '2009-09-16', '2009-11-09', '2009-11-23']","['2009-06-11', '2009-07-02', '2009-10-02']",BULLISH,2.4660671296232612,-0.055806342368363404,0.04519963257580358,-0.0495662495237537,-0.055806342368363404,0.08640226144184028,-0.03400501579848405,0.061836647340568936,0.030856109405052293,0.19904388866356038,0.18166015921760412,0.09169928680414,0.14819642822653797,0.1502268699252071,0.4,8.0,0.3250680609775621
44,SHW,1d,20.0,years,0.02,1.0,20.0,250.0,2.0,5.0,0.05,0.05,2.0,2.0,0.0,3.0,-1.0,-1.0,2.0,0.3,0.25,0.0,3.0,0.05,5.0,5.0,1.0,0.15,0.0,1.0,18.0,25.44654013067163,23.184142799218616,2011-07-29,2011-09-30,45.0,0.0975838249033413,3.0,3.0,2.0,0.0,5.0,-0.0259501915010591,0.7024362053971883,"['2011-08-12', '2011-08-31', '2011-09-14']","['2011-08-09', '2011-08-19', '2011-09-22']",BULLISH,2.417968176030846,-0.07247596912681167,0.07696452231347743,-0.031014580367620607,-0.07247596912681167,-0.07591903212389932,-0.08109075084238013,-0.057638309267876504,-0.029026796184462387,-0.01827139640683398,-0.025787244738880215,-0.036931479668274085,0.2761436213498971,0.14670795052304061,0.4,8.0,0.32401238515691216
45,HD,1d,20.0,years,0.02,1.0,20.0,250.0,2.0,5.0,0.05,0.05,2.0,2.0,0.0,3.0,-1.0,-1.0,2.0,0.3,0.25,0.0,3.0,0.05,20.0,5.0,1.0,0.15,0.0,1.0,18.0,80.6699850290919,72.70101197527902,2013-04-09,2013-12-30,185.0,0.1096129591225309,7.0,3.0,1.0,3.0,5.0,0.0036747066879063,1.159370273150401,"['2013-05-22', '2013-05-28', '2013-07-11', '2013-08-02', '2013-11-18', '2013-11-26', '2013-12-09']","['2013-05-01', '2013-06-21', '2013-09-05']",BULLISH,2.225774828229408,0.024902773818053385,-0.011349771509230878,0.002534501741536684,0.024902773818053385,0.013523088231205516,0.07293544745892647,0.19223033310252668,0.017696659975230185,0.03061798312660745,0.0655899718891089,0.09002814518052626,0.055898925948364854,0.13264708536832628,0.4,8.0,0.31979412561049786
46,HON,1d,20.0,years,0.02,1.0,20.0,250.0,2.0,5.0,0.05,0.05,2.0,2.0,0.0,3.0,-1.0,-1.0,2.0,0.3,0.25,0.0,3.0,0.05,5.0,5.0,1.0,0.15,0.0,1.0,18.0,109.53481810277586,107.13022069755723,2016-04-22,2016-06-03,30.0,0.0224455563477939,3.0,2.0,1.0,1.0,5.0,0.0022701046523205,0.959439478055219,"['2016-05-10', '2016-05-16', '2016-05-25']","['2016-05-18', '2016-06-01']",BULLISH,2.1324672482141676,0.018283973879343825,0.00984407317150027,-0.004012937293194969,0.018283973879343825,0.01053280471217307,0.0643236414135138,0.14375879062769173,0.0008758864793368473,-0.0034159993254214865,0.0017517729586731725,-0.010423021066765958,-0.03288779898405274,0.12582070289715735,0.4,8.0,0.31774621086914717
47,RTX,1d,20.0,years,0.02,1.0,20.0,250.0,2.0,5.0,0.05,0.05,2.0,2.0,0.0,3.0,-1.0,-1.0,2.0,0.3,0.25,0.0,3.0,0.05,20.0,5.0,1.0,0.15,0.0,1.0,18.0,75.30625867147106,71.62682022675726,2014-02-14,2014-07-09,100.0,0.0513695628685648,3.0,5.0,3.0,4.0,5.0,-0.0020163023764884,0.0042723234825867,"['2014-04-02', '2014-04-22', '2014-06-09']","['2014-03-13', '2014-03-24', '2014-03-27', '2014-04-11', '2014-05-19']",BEARISH,2.072521706640823,-0.0013155517826933438,-0.03610330668855017,0.02835732262905806,-0.0013155517826933438,0.011009499789139943,0.04794775170232269,0.07394135470787175,0.023008672807678557,0.025379849216517408,0.001229451561120287,0.03890402931775659,-0.035566900881376665,0.12143508712881172,0.4,8.0,0.3164305261386435
48,PLD,1d,20.0,years,0.02,1.0,20.0,250.0,2.0,5.0,0.05,0.05,2.0,2.0,0.0,3.0,-1.0,-1.0,2.0,0.3,0.25,0.0,3.0,0.05,5.0,5.0,1.0,0.15,0.0,1.0,18.0,41.47338119420226,39.888447026932226,2014-03-07,2014-06-02,60.0,0.0397341657899066,6.0,4.0,0.0,2.0,5.0,0.0,1.023103248126711,"['2014-04-04', '2014-04-09', '2014-04-21', '2014-05-08', '2014-05-16', '2014-05-27']","['2014-03-19', '2014-03-26', '2014-04-11', '2014-04-22']",BULLISH,2.0462481749895094,0.006402322522175217,-0.014454312174950055,-0.0077688687908020505,0.006402322522175217,0.054709649855090726,0.10728797347178276,0.1409826711358192,-0.016638128772870568,-0.0068509612580007605,0.007095691781413268,0.008074427200369615,-0.04991429298126486,0.11951291557650125,0.4,8.0,0.31585387467295034
49,AMT,1d,20.0,years,0.02,1.0,20.0,250.0,2.0,5.0,0.05,0.05,2.0,2.0,0.0,3.0,-1.0,-1.0,2.0,0.3,0.25,0.0,3.0,0.05,5.0,5.0,1.0,0.15,0.0,1.0,18.0,64.03556676752754,61.726648476874175,2012-02-17,2012-04-16,40.0,0.0374055346860181,3.0,5.0,1.0,0.0,5.0,0.0088663928854325,0.863327538223486,"['2012-02-24', '2012-03-19', '2012-04-02']","['2012-02-28', '2012-03-12', '2012-03-23', '2012-03-28', '2012-04-10']",BULLISH,2.0314001332102527,-0.013728877174511416,0.029190216175752893,-0.012482238965073672,-0.013728877174511416,0.0012816698718599027,0.07777199846517478,0.3194004941792647,0.0095999755859375,0.006239990234375,-0.00096002197265625,0.01008001708984375,0.112,0.11842663285309821,0.4,8.0,0.31552798985592945
50,PEP,1d,20.0,years,0.02,1.0,20.0,250.0,2.0,5.0,0.05,0.05,2.0,2.0,0.0,3.0,-1.0,-1.0,2.0,0.3,0.25,0.0,3.0,0.05,5.0,5.0,1.0,0.15,0.0,1.0,18.0,177.45244641490982,153.82027323847626,2021-10-04,2022-08-10,215.0,0.1536349707284374,6.0,2.0,0.0,1.0,5.0,0.0082521629880014,0.936000639373623,"['2022-01-20', '2022-02-03', '2022-04-21', '2022-04-27', '2022-05-16', '2022-08-01']","['2022-03-10', '2022-06-14']",BULLISH,1.9888819929176016,-0.022199099333117114,0.018870023981813647,-0.01650081359558894,-0.022199099333117114,-0.04882532160764688,-0.039150525135808294,0.052557814718946896,0.04021310697498361,0.052529957056971666,0.09387487609852871,0.10798935785792604,0.15379498384061696,0.11531600574699334,0.4,8.0,0.314594801724098
51,MSFT,1d,20.0,years,0.02,1.0,20.0,250.0,2.0,5.0,0.05,0.05,2.0,2.0,0.0,3.0,-1.0,-1.0,2.0,0.3,0.25,0.0,3.0,0.05,5.0,5.0,1.0,0.15,0.0,1.0,18.0,315.5468792950378,278.68897136642533,2022-01-14,2022-05-03,75.0,0.13225463407431,3.0,4.0,0.0,4.0,5.0,-0.0094561902128978,0.0838633440307664,"['2022-01-19', '2022-02-02', '2022-03-29']","['2022-01-24', '2022-02-23', '2022-03-07', '2022-04-12']",BEARISH,1.954923809265241,-0.0776641131908853,-0.05309103385579713,-0.012227729694961248,-0.0776641131908853,-0.05524756147037214,-0.06687116372929348,0.11606825027795657,-0.044584192603491675,0.002514502735661707,-0.03449391291412952,-0.035589968118871766,-0.13365577157032904,0.11283162506110109,0.4,8.0,0.3138494875183303
52,MSFT,1d,20.0,years,0.02,1.0,20.0,250.0,2.0,5.0,0.05,0.05,2.0,2.0,0.0,3.0,-1.0,-1.0,2.0,0.3,0.25,0.0,3.0,0.05,5.0,5.0,1.0,0.15,0.0,1.0,18.0,28.04662741362025,27.283856542210465,2013-01-18,2013-03-04,30.0,0.0279568568405904,4.0,2.0,1.0,1.0,5.0,0.0071555939224162,1.1355219618166157,"['2013-01-24', '2013-02-01', '2013-02-13', '2013-02-25']","['2013-02-06', '2013-02-21']",BULLISH,1.9502940410144187,0.019072559208945336,-0.0017761718557052458,0.015654121412160268,0.019072559208945336,0.005535041196266523,0.015275702126722138,-0.08372561500610076,0.024220177886682914,0.006972496662664851,0.008807331050207855,0.033394489813288415,0.16880735344843034,0.11249291121997666,0.4,8.0,0.31374787336599297
53,XOM,1d,20.0,years,0.02,1.0,20.0,250.0,2.0,5.0,0.05,0.05,2.0,2.0,0.0,3.0,-1.0,-1.0,2.0,0.3,0.25,0.0,3.0,0.05,5.0,5.0,1.0,0.15,0.0,1.0,18.0,119.17364510642255,99.88557599282493,2022-10-12,2023-10-03,245.0,0.1931016457769953,4.0,2.0,1.0,1.0,5.0,0.0017296945635861,0.8266470710118571,"['2023-02-10', '2023-04-24', '2023-04-28', '2023-09-14']","['2023-03-15', '2023-07-14']",BULLISH,1.9119811437900809,0.10769749751396447,-0.03833205880357542,-0.006961283517822114,0.10769749751396447,0.008400775429738678,0.07632590038121095,0.1836218851686265,0.05445494863083644,0.0884892721473928,0.15767547084169142,0.08158080620136532,0.20085336362664674,0.10968993969302035,0.4,8.0,0.31290698190790606
54,RTX,1d,20.0,years,0.02,1.0,20.0,250.0,2.0,5.0,0.05,0.05,2.0,2.0,0.0,3.0,-1.0,-1.0,2.0,0.3,0.25,0.0,3.0,0.05,5.0,5.0,1.0,0.15,0.0,1.0,18.0,32.67857267839159,31.350003412927663,2005-08-05,2005-11-04,65.0,0.042378600345417,5.0,3.0,0.0,1.0,5.0,0.0023296560377066,0.8596696544171483,"['2005-08-11', '2005-08-19', '2005-09-13', '2005-09-23', '2005-10-19']","['2005-08-29', '2005-10-05', '2005-10-18']",BULLISH,1.7875196416608126,-0.03461083493939631,0.036993910738894374,-0.02623277897016233,-0.03461083493939631,-0.023343277239279443,-0.07068234215941255,-0.03347691352507369,0.04881509325732224,0.04800488067443475,0.03929512610291554,0.015799083977263463,0.17743569620576427,0.1005843363076167,0.4,8.0,0.31017530089228496
55,COP,1d,20.0,years,0.02,1.0,20.0,250.0,2.0,5.0,0.05,0.05,2.0,2.0,0.0,3.0,-1.0,-1.0,2.0,0.3,0.25,0.0,3.0,0.05,20.0,5.0,1.0,0.15,0.0,1.0,18.0,61.40495429151278,54.30452364559241,2011-01-28,2011-08-03,130.0,0.1307521025736254,4.0,5.0,1.0,5.0,5.0,-0.0009911107518264,-0.0725968325995988,"['2011-03-04', '2011-03-25', '2011-04-20', '2011-07-14']","['2011-03-15', '2011-05-05', '2011-05-12', '2011-06-02', '2011-06-23']",BEARISH,1.7614439531306623,0.04906332608611387,-0.0530045151660816,0.04286133106603736,0.04906332608611387,0.04455954787661577,0.1482505733322063,0.3245728491310063,0.015731310669042566,0.014455821994119633,0.10898531241281324,0.12925171756588677,-0.12244896946046793,0.09867663895787508,0.4,8.0,0.3096029916873625
56,LIN,1d,20.0,years,0.02,1.0,20.0,250.0,2.0,5.0,0.05,0.05,2.0,2.0,0.0,3.0,-1.0,-1.0,2.0,0.3,0.25,0.0,3.0,0.05,5.0,5.0,1.0,0.15,0.0,1.0,18.0,120.38338766610028,115.7403109790653,2016-12-29,2017-03-27,60.0,0.0401163315335726,3.0,5.0,0.0,0.0,5.0,0.0127136472895824,0.4629879184605732,"['2017-01-25', '2017-01-27', '2017-03-01']","['2017-01-05', '2017-01-19', '2017-01-26', '2017-02-07', '2017-02-14']",BEARISH,1.7022171847091039,-0.04217652220360402,0.01425057523007585,-0.009449043522500438,-0.04217652220360402,-0.010784385819932548,-0.009783216966352742,0.040315461874456913,-0.0103058229803775,-0.002810678994648563,0.004599210197513124,0.002725489181868489,0.13244189223014324,0.09434360863267674,0.4,8.0,0.308303082589803
57,LIN,1d,20.0,years,0.02,1.0,20.0,250.0,2.0,5.0,0.05,0.05,2.0,2.0,0.0,3.0,-1.0,-1.0,2.0,0.3,0.25,0.0,3.0,0.05,20.0,5.0,1.0,0.15,0.0,1.0,18.0,110.00475341091304,103.99337146374398,2012-06-07,2012-12-27,140.0,0.0578054337748328,6.0,9.0,0.0,4.0,5.0,-0.0046325236061473,0.9293421074236712,"['2012-07-03', '2012-07-10', '2012-07-20', '2012-11-02', '2012-11-06', '2012-12-19']","['2012-06-13', '2012-06-25', '2012-07-24', '2012-07-31', '2012-09-04', '2012-09-26', '2012-10-10', '2012-10-22', '2012-11-16']",BULLISH,1.6080793455940714,-0.033964008832494064,0.04033581032203187,-0.014777858870417007,-0.033964008832494064,-0.08768417060610414,-0.0796624014821672,0.07685186682341985,-0.0013375312133136954,0.002006296819970068,0.02856602221715866,0.0315276880623552,0.029139229054297503,0.08745648440650329,0.4,8.0,0.30623694532195095
58,AMT,1d,20.0,years,0.02,1.0,20.0,250.0,2.0,5.0,0.05,0.05,2.0,2.0,0.0,3.0,-1.0,-1.0,2.0,0.3,0.25,0.0,3.0,0.05,20.0,5.0,1.0,0.15,0.0,1.0,18.0,73.07236880319492,69.13819529206125,2012-06-27,2012-10-04,70.0,0.05690304027339,5.0,3.0,1.0,1.0,5.0,-0.0101844956766766,0.7070869825673902,"['2012-07-17', '2012-07-30', '2012-08-01', '2012-08-03', '2012-09-13']","['2012-07-11', '2012-07-24', '2012-08-23']",BULLISH,1.604893151037828,0.05149495575135594,0.04963848422851777,0.01694166805950192,0.05149495575135594,0.05901136507099572,0.07553289389873505,0.1773756843427639,0.022835042797694594,0.02096796125323685,0.03561688144130806,0.0017234346016887228,0.10972281618571238,0.08722338241559408,0.4,8.0,0.3061670147246782
59,AMT,1d,20.0,years,0.02,1.0,20.0,250.0,2.0,5.0,0.05,0.05,2.0,2.0,0.0,3.0,-1.0,-1.0,2.0,0.3,0.25,0.0,3.0,0.05,5.0,5.0,1.0,0.15,0.0,1.0,18.0,148.90567220720573,132.7899247941674,2017-11-13,2018-08-01,180.0,0.1213627271648713,3.0,4.0,2.0,0.0,5.0,0.0130193780643798,1.0784528281149837,"['2017-11-27', '2018-01-31', '2018-03-13']","['2018-01-12', '2018-02-08', '2018-03-02', '2018-04-27']",BULLISH,1.5444541281768918,0.050185472205442457,-0.004195277954946283,-0.0007992166558986661,0.050185472205442457,0.07148464324857148,0.03597315051584146,0.16427406666458275,-0.0254598256222579,-0.009330804846242066,-0.042655253151600105,-0.0989735504480261,-0.09690745092479718,0.08280166355668586,0.4,8.0,0.3048404990670057
60,JPM,1d,20.0,years,0.02,1.0,20.0,250.0,2.0,5.0,0.05,0.05,2.0,2.0,0.0,3.0,-1.0,-1.0,2.0,0.3,0.25,0.0,3.0,0.05,5.0,5.0,1.0,0.15,0.0,1.0,18.0,114.27650617817687,105.95931452769112,2018-03-20,2018-06-27,70.0,0.0784942002273162,3.0,4.0,2.0,0.0,5.0,-0.0154491964252584,-0.3269513049831887,"['2018-04-12', '2018-05-10', '2018-05-22']","['2018-04-02', '2018-05-03', '2018-05-29', '2018-06-15']",BEARISH,1.5429297260118962,-0.004515493712441001,0.034967073663786374,-0.01384946761592742,-0.004515493712441001,-0.0075318390658150915,0.021109849625424375,0.296539264461465,-0.05643755456341469,-0.03183881320055643,-0.027651763658606155,-0.014218399006421639,0.0033147004138267735,0.08269013829564666,0.4,8.0,0.304807041488694
61,JNJ,1d,20.0,years,0.02,1.0,20.0,250.0,2.0,5.0,0.05,0.05,2.0,2.0,0.0,3.0,-1.0,-1.0,2.0,0.3,0.25,0.0,3.0,0.05,5.0,5.0,1.0,0.15,0.0,1.0,18.0,155.22922133705882,137.4147045269637,2020-04-07,2021-01-06,190.0,0.1296405422652531,4.0,3.0,1.0,0.0,5.0,0.0094101650096319,1.2582601898800143,"['2020-04-22', '2020-08-31', '2020-09-03', '2020-12-18']","['2020-04-13', '2020-06-25', '2020-10-28']",BULLISH,1.5395411616841614,0.15354921442778804,0.011887592283786169,0.04842515525261656,0.15354921442778804,-0.03203550722286599,-0.09313990638189769,0.06905123796709275,0.0740471941441232,0.11281648419863996,0.08161188223295537,0.07506551967510365,0.07724767752410712,0.08244223093243458,0.4,8.0,0.30473266927973036
62,PEP,1d,20.0,years,0.02,1.0,20.0,250.0,2.0,5.0,0.05,0.05,2.0,2.0,0.0,3.0,-1.0,-1.0,2.0,0.3,0.25,0.0,3.0,0.05,20.0,5.0,1.0,0.15,0.0,1.0,18.0,62.66110107054037,60.28968453394485,2011-09-14,2011-11-08,40.0,0.0393337028536007,6.0,3.0,3.0,2.0,5.0,0.0185599975585937,1.4212245134740402,"['2011-09-15', '2011-09-27', '2011-10-12', '2011-10-21', '2011-10-25', '2011-10-27']","['2011-09-19', '2011-09-22', '2011-10-03']",BULLISH,1.473776977942886,-0.04556718792587946,-0.007540049377738742,-0.0006490928517264539,-0.04556718792587946,-0.02532444549529418,-0.10611115725589869,-0.03464491382276674,-0.012828855018463927,0.00633321497323765,0.010717762711713215,0.047417961710302554,0.06040924180075511,0.07763092330824319,0.4,8.0,0.30328927699247293
63,CVX,1d,20.0,years,0.02,1.0,20.0,250.0,2.0,5.0,0.05,0.05,2.0,2.0,0.0,3.0,-1.0,-1.0,2.0,0.3,0.25,0.0,3.0,0.05,5.0,5.0,1.0,0.15,0.0,1.0,18.0,173.83911437864282,156.45977390520838,2022-03-03,2022-05-26,60.0,0.1110786500558524,4.0,2.0,1.0,1.0,5.0,0.0067270546214357,1.1582846002385836,"['2022-03-08', '2022-03-10', '2022-04-18', '2022-05-16']","['2022-03-15', '2022-04-25']",BULLISH,1.4553548793697915,0.16321666173378696,-0.006738787395007795,0.15847233333295616,0.16321666173378696,0.18952256942528173,0.324459561361873,0.596688543212911,0.09345798226495439,0.02701319413473329,0.05216997716553784,0.064268296041994,0.04019971021780158,0.07628316259297246,0.4,8.0,0.30288494877789174
64,HON,1d,20.0,years,0.02,1.0,20.0,250.0,2.0,5.0,0.05,0.05,2.0,2.0,0.0,3.0,-1.0,-1.0,2.0,0.3,0.25,0.0,3.0,0.05,5.0,5.0,1.0,0.15,0.0,1.0,18.0,109.9815474081131,107.16042912218356,2016-04-14,2016-06-09,40.0,0.0263261197163825,4.0,3.0,2.0,1.0,5.0,0.0098216967835259,1.6248934691823025,"['2016-04-18', '2016-04-27', '2016-05-10', '2016-05-25']","['2016-04-22', '2016-05-18', '2016-06-01']",BULLISH,1.3646169518400662,0.022043706747445,0.0009384451019516561,0.025521615612232058,0.022043706747445,0.055386607755570576,0.11617935432150986,0.16405771472403866,0.0034928382630145505,0.0008732095657536376,0.002794256634586324,0.011089747509245882,-0.05067941727796344,0.06964477589536502,0.4,8.0,0.30089343276860947
65,PG,1d,20.0,years,0.02,1.0,20.0,250.0,2.0,5.0,0.05,0.05,2.0,2.0,0.0,3.0,-1.0,-1.0,2.0,0.3,0.25,0.0,3.0,0.05,5.0,5.0,1.0,0.15,0.0,1.0,18.0,82.59621786538523,75.20909767083877,2013-01-29,2013-11-11,200.0,0.0982210985548188,5.0,4.0,0.0,1.0,5.0,-0.003029935686915,0.9544862246314916,"['2013-04-23', '2013-05-24', '2013-08-01', '2013-08-08', '2013-10-29']","['2013-03-01', '2013-06-20', '2013-08-30', '2013-09-30']",BULLISH,1.3354080275654858,0.07712197268998787,0.03829323418521435,0.0721944713663739,0.07712197268998787,0.10294117647058823,0.0777411114643746,0.1570502985668579,0.009333292643229166,0.01306671142578125,0.01986663818359375,0.04160003662109375,0.09279998779296875,0.06750785102133948,0.4,8.0,0.3002523553064018
66,META,1d,20.0,years,0.02,1.0,20.0,250.0,2.0,5.0,0.05,0.05,2.0,2.0,0.0,3.0,-1.0,-1.0,2.0,0.3,0.25,0.0,3.0,0.05,5.0,5.0,1.0,0.15,0.0,1.0,18.0,182.99633639829443,156.05971244588312,2022-06-10,2022-09-13,65.0,0.1726045981390112,2.0,6.0,0.0,0.0,5.0,-0.0936908215082087,-0.1087629826308786,"['2022-07-20', '2022-08-11']","['2022-06-21', '2022-07-01', '2022-07-14', '2022-07-28', '2022-08-30', '2022-09-07']",BEARISH,1.3255103554240342,-0.08380732218012998,-0.12231444125311593,-0.07972529380647364,-0.08380732218012998,-0.11171255883685807,-0.21251397296508012,-0.43473920195060967,-0.06738053959984551,-0.03463007106804392,-0.09978927801778456,0.030301257865789407,-0.347952391745775,0.06678373733624823,0.4,8.0,0.30003512120087444
67,NEE,1d,20.0,years,0.02,1.0,20.0,250.0,2.0,5.0,0.05,0.05,2.0,2.0,0.0,3.0,-1.0,-1.0,2.0,0.3,0.25,0.0,3.0,0.05,5.0,5.0,1.0,0.15,0.0,1.0,18.0,29.028626484225313,27.860125173672095,2016-02-02,2016-03-15,30.0,0.0419417107162696,2.0,3.0,2.0,0.0,3.0,-0.0020718048287008,0.8899215049796201,"['2016-02-09', '2016-02-22']","['2016-02-10', '2016-02-12', '2016-03-02']",BULLISH,14.081336954326986,0.056581080063565645,0.025086518721089066,0.06897528408326106,0.056581080063565645,0.08578781513521722,0.1463218326823229,0.11370751878779452,0.012641513174586207,-0.021771602819801623,0.0033359427723762746,0.02458076843425352,0.109384590324768,1.0,0.0,8.0,0.3
68,NEE,1d,20.0,years,0.02,1.0,20.0,250.0,2.0,5.0,0.05,0.05,2.0,2.0,0.0,3.0,-1.0,-1.0,2.0,0.3,0.25,0.0,3.0,0.05,5.0,5.0,1.0,0.15,0.0,1.0,18.0,16.876056988936583,15.894704202487937,2008-04-29,2008-07-09,50.0,0.0617408650042722,4.0,3.0,1.0,0.0,5.0,0.0160605690696022,0.8868321353730046,"['2008-04-30', '2008-05-21', '2008-05-29', '2008-06-13']","['2008-05-16', '2008-06-10', '2008-06-27']",BULLISH,1.3193029770084765,0.02858900522823453,-0.04920965340294217,0.008286807286468061,0.02858900522823453,0.08005163263011805,0.031919811002775404,0.06952211116090061,-0.003436875879141814,-0.03287503001252488,0.008965906911807526,-0.018081277907657872,-0.2927375504170515,0.0663296055368708,0.4,8.0,0.2998988816610612
69,PEP,1d,20.0,years,0.02,1.0,20.0,250.0,2.0,5.0,0.05,0.05,2.0,2.0,0.0,3.0,-1.0,-1.0,2.0,0.3,0.25,0.0,3.0,0.05,20.0,5.0,1.0,0.15,0.0,1.0,18.0,99.06172101799002,93.47356022203108,2014-12-11,2015-08-14,170.0,0.0597833310583784,3.0,8.0,4.0,4.0,5.0,0.0044539167661561,1.030114083164046,"['2015-01-22', '2015-02-11', '2015-08-05']","['2014-12-16', '2015-01-05', '2015-01-30', '2015-03-11', '2015-03-18', '2015-04-29', '2015-06-05', '2015-06-29']",BULLISH,1.3189839475619505,-0.030800177207761355,-0.05744234994262385,-0.014936052015065537,-0.030800177207761355,-0.007012481144845041,0.02906915923452312,0.09719688436260175,-0.009658326890988876,0.007892845871890522,0.0039463833191916205,0.021497556082071018,-0.007165878438526247,0.06630626534284587,0.4,8.0,0.29989187960285374
70,DUK,1d,20.0,years,0.02,1.0,20.0,250.0,2.0,5.0,0.05,0.05,2.0,2.0,0.0,3.0,-1.0,-1.0,2.0,0.3,0.25,0.0,3.0,0.05,5.0,5.0,1.0,0.15,0.0,1.0,18.0,50.754745929307006,43.35437978180022,2008-10-07,2009-02-23,95.0,0.1706947760469034,2.0,7.0,2.0,1.0,5.0,-0.0176553674218923,-0.2194999824584559,"['2008-10-14', '2008-10-29']","['2008-10-10', '2008-10-16', '2008-11-20', '2008-12-02', '2008-12-09', '2009-01-15', '2009-01-21']",BEARISH,1.305370887036641,-0.03961513941923769,-0.1509705081756377,-0.026391299368010674,-0.03961513941923769,-0.0196418342339584,-0.03907134225575047,-0.06398234199830945,-0.07365939916007724,-0.0748379765215161,-0.0771950563141782,-0.14496171852749237,-0.19033586045476197,0.0653103338468864,0.4,8.0,0.29959310015406587
71,PEP,1d,20.0,years,0.02,1.0,20.0,250.0,2.0,5.0,0.05,0.05,2.0,2.0,0.0,3.0,-1.0,-1.0,2.0,0.3,0.25,0.0,3.0,0.05,5.0,5.0,1.0,0.15,0.0,1.0,18.0,63.14858253498549,60.34685860178102,2011-09-14,2011-11-15,45.0,0.0464270054501525,4.0,3.0,1.0,2.0,5.0,0.0270700761718516,1.48235211506682,"['2011-09-15', '2011-09-27', '2011-10-12', '2011-10-27']","['2011-09-19', '2011-09-22', '2011-10-03']",BULLISH,1.3040584861992532,-0.04556718792587946,-0.007751937984496124,-0.0006490928517264539,-0.04556718792587946,-0.02532444549529418,-0.10611115725589869,-0.03464491382276674,-0.012828855018463927,0.00633321497323765,0.010717762711713215,0.047417961710302554,0.06040924180075511,0.06521431860278698,0.4,8.0,0.2995642955808361
72,KO,1d,20.0,years,0.02,1.0,20.0,250.0,2.0,5.0,0.05,0.05,2.0,2.0,0.0,3.0,-1.0,-1.0,2.0,0.3,0.25,0.0,3.0,0.05,20.0,5.0,1.0,0.15,0.0,1.0,18.0,27.70695003310891,26.38424115702396,2010-01-21,2010-05-14,80.0,0.050132534349309,4.0,4.0,3.0,1.0,5.0,-0.002804290917405,0.21604067564421,"['2010-02-17', '2010-03-23', '2010-03-31', '2010-04-19']","['2010-02-05', '2010-02-25', '2010-04-27', '2010-05-06']",BEARISH,1.29847301755462,-0.03479500861811394,-0.03637042784325642,-0.04664211650619487,-0.03479500861811394,-0.04580555688521731,-0.041769521968157836,0.10306345956583499,-0.0034945490241229614,-0.017288921191383935,0.008460601585558567,0.007908778988840695,0.013610478076225048,0.06480568572169886,0.4,8.0,0.29944170571650963
73,SO,1d,20.0,years,0.02,1.0,20.0,250.0,2.0,5.0,0.05,0.05,2.0,2.0,0.0,3.0,-1.0,-1.0,2.0,0.3,0.25,0.0,3.0,0.05,20.0,5.0,1.0,0.15,0.0,1.0,18.0,44.924657784127575,43.72065233703555,2015-03-03,2015-05-12,50.0,0.0275385974987412,6.0,4.0,3.0,0.0,5.0,-0.0027529004694816,-0.2081810484643682,"['2015-03-16', '2015-03-18', '2015-04-06', '2015-04-20', '2015-04-23', '2015-05-01']","['2015-03-11', '2015-03-13', '2015-03-26', '2015-05-06']",BEARISH,1.2945895501116067,-0.008563886293543379,0.005981097635888165,-0.037108080324557605,-0.008563886293543379,-0.14472436554554505,-0.10540914535666625,0.028708183042892528,-0.027021067097945706,-0.018383207154023022,-0.011295727995449738,-0.01949060993078458,-0.0595792325691153,0.0645215712470119,0.4,8.0,0.29935647137410354
74,HON,1d,20.0,years,0.02,1.0,20.0,250.0,2.0,5.0,0.05,0.05,2.0,2.0,0.0,3.0,-1.0,-1.0,2.0,0.3,0.25,0.0,3.0,0.05,5.0,5.0,1.0,0.15,0.0,1.0,18.0,56.145087797404386,53.069171501377085,2007-05-02,2007-07-12,50.0,0.0579605109521539,5.0,2.0,2.0,2.0,5.0,0.0289410841340034,1.4800412530733429,"['2007-05-14', '2007-05-18', '2007-06-01', '2007-06-15', '2007-07-06']","['2007-05-23', '2007-06-21']",BULLISH,1.2943763664745533,0.1512134805498509,-0.01687627369461756,0.027968190759395148,0.1512134805498509,0.20495008391739608,0.19612069132782348,0.3347763469961252,0.02360357897435476,0.04756756141025536,0.056216163060685484,0.05153149482148025,0.06378377061181209,0.06450597473231412,0.4,8.0,0.29935179241969423
75,GOOGL,1d,20.0,years,0.02,1.0,20.0,250.0,2.0,5.0,0.05,0.05,2.0,2.0,0.0,3.0,-1.0,-1.0,2.0,0.3,0.25,0.0,3.0,0.05,5.0,5.0,1.0,0.15,0.0,1.0,18.0,39.64802043319376,35.10959395022566,2015-10-23,2016-06-27,170.0,0.1292645676678051,4.0,5.0,1.0,2.0,5.0,-0.0059252517494329,-0.2319294468320435,"['2015-12-02', '2015-12-29', '2016-02-02', '2016-04-18']","['2016-01-14', '2016-02-05', '2016-02-24', '2016-03-07', '2016-04-28']",BEARISH,1.2941984614901196,0.07164349664136833,0.07541769911147582,0.03453087868393269,0.07164349664136833,0.10108827681776633,0.1169200005212387,0.3502459174453199,0.02510669358391804,0.05876308625788336,0.06992616564291594,0.08745638974664,-0.01106582006155444,0.06449295920381072,0.4,8.0,0.2993478877611432
76,NEE,1d,20.0,years,0.02,1.0,20.0,250.0,2.0,5.0,0.05,0.05,2.0,2.0,0.0,3.0,-1.0,-1.0,2.0,0.3,0.25,0.0,3.0,0.05,5.0,5.0,1.0,0.15,0.0,1.0,18.0,10.846472718002056,10.207161085218369,2005-10-25,2006-02-03,70.0,0.0626336380357037,7.0,3.0,0.0,0.0,5.0,-0.0068931262102296,-0.1910821590082461,"['2005-10-31', '2005-11-04', '2005-11-18', '2005-11-25', '2005-12-14', '2005-12-19', '2006-01-20']","['2005-11-15', '2005-12-27', '2006-01-26']",BEARISH,1.2876101876777313,-0.04938275238813838,0.04015862483284695,-0.00941878839673009,-0.04938275238813838,-0.04665046720553729,-0.006451672445845088,0.05299140728976989,-0.02087193259451013,-0.044990692828484134,0.006029734291997213,-0.03548234733757214,-0.07351572930121945,0.06401096109753894,0.4,8.0,0.29920328832926163
77,AMT,1d,20.0,years,0.02,1.0,20.0,250.0,2.0,5.0,0.05,0.05,2.0,2.0,0.0,3.0,-1.0,-1.0,2.0,0.3,0.25,0.0,3.0,0.05,5.0,5.0,1.0,0.15,0.0,1.0,18.0,292.1466450435374,257.95248249023695,2021-09-16,2022-01-14,85.0,0.1325599281821008,2.0,4.0,1.0,0.0,5.0,-0.0188694303090776,-0.2144368168578444,"['2021-10-27', '2021-12-30']","['2021-10-13', '2021-11-15', '2021-12-01', '2022-01-06']",BEARISH,1.264906593952625,-0.00275196949307286,0.0035113115471932643,0.0010781191170486145,-0.00275196949307286,0.049223170340880903,0.05638515336309072,0.4535760557186907,-0.03075995893468454,-0.10678471233122078,-0.0980682951197759,-0.13330421322084604,-0.1899778199641685,0.06234996620074392,0.4,8.0,0.29870498986022315
78,AMT,1d,20.0,years,0.02,1.0,20.0,250.0,2.0,5.0,0.05,0.05,2.0,2.0,0.0,3.0,-1.0,-1.0,2.0,0.3,0.25,0.0,3.0,0.05,20.0,5.0,1.0,0.15,0.0,1.0,18.0,64.3832213534641,61.694742553870384,2012-01-11,2012-04-27,75.0,0.0435771135157293,3.0,7.0,0.0,2.0,5.0,0.0037002445499704,1.266610665021915,"['2012-02-13', '2012-02-24', '2012-04-17']","['2012-01-20', '2012-01-26', '2012-02-16', '2012-02-28', '2012-03-13', '2012-03-23', '2012-04-10']",BULLISH,1.2571822394925676,0.025535407208872773,0.0387097439558728,0.043412674475563844,0.025535407208872773,0.07661709319539022,0.06720380671852336,0.16159730962407756,-0.0008032005953501506,-0.0016064011907003012,0.028273126686433232,0.014779087051330322,0.1392770790192018,0.061784852435296155,0.4,8.0,0.2985354557305888
79,COP,1d,20.0,years,0.02,1.0,20.0,250.0,2.0,5.0,0.05,0.05,2.0,2.0,0.0,3.0,-1.0,-1.0,2.0,0.3,0.25,0.0,3.0,0.05,5.0,5.0,1.0,0.15,0.0,1.0,18.0,74.0618204370329,72.21048478768466,2013-10-23,2013-12-04,30.0,0.0256380448738378,3.0,3.0,1.0,0.0,5.0,-0.0146267081652943,-0.4323803335484276,"['2013-10-25', '2013-11-06', '2013-11-22']","['2013-11-01', '2013-11-07', '2013-11-18']",BEARISH,1.2563862856020538,0.03755199760128412,-0.0281473467742866,-0.0078124959152518145,0.03755199760128412,0.025644623287574983,0.10485352714542673,0.27424745009216445,0.01188010246722754,0.02085926438682074,0.022516884475220118,-0.030390896073923448,0.06216328274542695,0.06172662044937202,0.4,8.0,0.29851798613481156
80,BRK-B,1d,20.0,years,0.02,1.0,20.0,250.0,2.0,5.0,0.05,0.05,2.0,2.0,0.0,3.0,-1.0,-1.0,2.0,0.3,0.25,0.0,3.0,0.05,5.0,5.0,1.0,0.15,0.0,1.0,18.0,73.64383677328783,71.43086003878553,2006-12-26,2007-02-23,40.0,0.0309806816451699,4.0,3.0,0.0,2.0,5.0,-0.0036363935137128,-0.0862468059606231,"['2006-12-27', '2007-01-03', '2007-01-16', '2007-02-01']","['2007-01-05', '2007-01-24', '2007-02-15']",BEARISH,1.254799999651572,0.01865261742195269,0.02358226214981651,-0.03226662725182903,0.01865261742195269,0.018369046529538583,0.09780972524567198,0.18490936356876303,-0.013391682875741684,0.0030063025387493066,-0.006285857919573171,-0.026510008654222976,0.0150314084385607,0.06161056777064151,0.4,8.0,0.2984831703311924
81,UNH,1d,20.0,years,0.02,1.0,20.0,250.0,2.0,5.0,0.05,0.05,2.0,2.0,0.0,3.0,-1.0,-1.0,2.0,0.3,0.25,0.0,3.0,0.05,20.0,5.0,1.0,0.15,0.0,1.0,18.0,547.8198212550499,502.16837183879505,2022-06-24,2023-01-05,135.0,0.0909086513136867,6.0,5.0,4.0,4.0,5.0,-0.0288206314071791,-0.2674259095784584,"['2022-08-09', '2022-08-15', '2022-10-24', '2022-10-26', '2022-11-30', '2022-12-07']","['2022-07-01', '2022-07-13', '2022-09-26', '2022-10-07', '2022-11-15']",BEARISH,1.2276155900104428,0.01268827424879531,-0.00661276490097265,0.08671538211341641,0.01268827424879531,0.007234653254179965,-0.07777610077978135,0.03374634689383738,0.043902851106683946,0.042994909468133134,0.07862555393306328,0.06781128310514316,0.046404647163756814,0.059621756385403894,0.4,8.0,0.2978865269156211
82,HON,1d,20.0,years,0.02,1.0,20.0,250.0,2.0,5.0,0.05,0.05,2.0,2.0,0.0,3.0,-1.0,-1.0,2.0,0.3,0.25,0.0,3.0,0.05,5.0,5.0,1.0,0.15,0.0,1.0,18.0,232.80932547953032,220.1919379322474,2021-04-08,2021-06-17,50.0,0.0573017689283666,3.0,3.0,1.0,2.0,5.0,-0.0123293855395403,-0.3092513907092333,"['2021-04-16', '2021-05-10', '2021-05-28']","['2021-05-04', '2021-05-12', '2021-05-19']",BEARISH,1.204728211886106,0.03600037388418937,0.020019427460642954,0.012852965365987389,0.03600037388418937,0.05854599827047464,0.10404741028526979,0.3353984537500856,0.045392502955670454,0.042754452244105796,0.050395714546964364,0.029063946929451523,-0.005776422582258076,0.05794731582212415,0.4,8.0,0.29738419474663724
83,HON,1d,20.0,years,0.02,1.0,20.0,250.0,2.0,5.0,0.05,0.05,2.0,2.0,0.0,3.0,-1.0,-1.0,2.0,0.3,0.25,0.0,3.0,0.05,20.0,5.0,1.0,0.15,0.0,1.0,18.0,77.0803343508148,73.07561870031412,2013-05-07,2013-07-10,45.0,0.0548023502465871,5.0,2.0,0.0,1.0,5.0,-0.0022115925678769,1.0856008662274277,"['2013-05-17', '2013-05-28', '2013-06-18', '2013-06-27', '2013-07-01']","['2013-06-05', '2013-06-24']",BULLISH,1.1797218627310815,0.028624986927335682,0.022164748424468805,0.04568944635228534,0.028624986927335682,0.053713414997877094,0.08800232241748805,0.24939077197833237,0.02938884603745405,0.04226266121146857,0.028348513563970716,0.05604683234007269,0.12600781232764321,0.05611785134011843,0.4,8.0,0.2968353554020355
84,PG,1d,20.0,years,0.02,1.0,20.0,250.0,2.0,5.0,0.05,0.05,2.0,2.0,0.0,3.0,-1.0,-1.0,2.0,0.3,0.25,0.0,3.0,0.05,5.0,5.0,1.0,0.15,0.0,1.0,18.0,156.99887409334482,142.60331358257986,2023-03-16,2024-01-30,220.0,0.1009482889920974,4.0,4.0,0.0,0.0,5.0,0.0085169172634785,1.0341168653663726,"['2023-04-21', '2023-05-15', '2023-07-28', '2024-01-23']","['2023-05-30', '2023-10-06', '2023-12-15', '2023-12-21']",BULLISH,1.1592969145913306,0.021153482947187337,-0.007746531069592729,0.04627657411210321,0.021153482947187337,0.020132733047570118,-0.051573105559502085,0.053527938107122704,0.006298508645312335,0.031912643138579895,0.058226659386643446,0.06746447918556574,0.054377523309191295,0.05462356215232729,0.4,8.0,0.29638706864569814
85,AMT,1d,20.0,years,0.02,1.0,20.0,250.0,2.0,5.0,0.05,0.05,2.0,2.0,0.0,3.0,-1.0,-1.0,2.0,0.3,0.25,0.0,3.0,0.05,5.0,5.0,1.0,0.15,0.0,1.0,18.0,200.0378143820346,182.2732232054496,2023-05-02,2023-08-17,75.0,0.0974613323020113,3.0,4.0,0.0,0.0,5.0,-0.0094387768005031,-0.3356804323600646,"['2023-05-12', '2023-07-05', '2023-07-27']","['2023-05-25', '2023-07-18', '2023-07-20', '2023-08-07']",BEARISH,1.1397119272893397,-0.057882544994299026,0.028415914213599857,-0.027808072061055258,-0.057882544994299026,-0.025101839033801122,-0.009494417838380911,0.043244706823470744,-0.013307502908139972,-0.02595223305950033,-0.025391377465695007,-0.0006118919746537355,-0.059705330252063704,0.053190724498681785,0.4,8.0,0.2959572173496045
86,JNJ,1d,20.0,years,0.02,1.0,20.0,250.0,2.0,5.0,0.05,0.05,2.0,2.0,0.0,3.0,-1.0,-1.0,2.0,0.3,0.25,0.0,3.0,0.05,20.0,5.0,1.0,0.15,0.0,1.0,18.0,67.24093192603283,65.60377753425028,2006-11-10,2007-01-18,45.0,0.024955184797519,3.0,5.0,1.0,3.0,5.0,0.0125616315745337,1.2865136976660485,"['2006-11-17', '2006-12-19', '2007-01-04']","['2006-11-14', '2006-11-27', '2006-11-30', '2006-12-08', '2006-12-22']",BULLISH,1.1288551899627786,-0.027578073990243954,-0.010338162128298,-0.022415524226394444,-0.027578073990243954,0.018279607823329002,0.03513429056579632,0.1293015341386482,0.014330923745992381,-0.0096545388566819,-0.012369885103322533,0.02142100089506412,-0.04238952080980918,0.052396445605498436,0.4,8.0,0.2957189336816495
87,PLD,1d,20.0,years,0.02,1.0,20.0,250.0,2.0,5.0,0.05,0.05,2.0,2.0,0.0,3.0,-1.0,-1.0,2.0,0.3,0.25,0.0,3.0,0.05,5.0,5.0,1.0,0.15,0.0,1.0,18.0,43.64678774232746,40.8959065452825,2015-10-13,2016-01-14,65.0,0.0672654412000627,4.0,3.0,0.0,0.0,5.0,-0.0209876166449652,-0.4529112419474763,"['2015-10-28', '2015-11-02', '2015-11-23', '2015-12-29']","['2015-10-14', '2015-11-09', '2015-12-14']",BEARISH,1.1011381089338084,0.06608150355390141,-0.004539730094544839,0.018746874799455516,0.06608150355390141,0.10932043365208546,0.0038891553180812203,-0.04728948810192801,0.03535106807368961,0.04406779003499454,-0.005811086397167998,0.006295451356743752,0.08716712724749637,0.05036866398199875,0.4,8.0,0.2951105991945996
88,HD,1d,20.0,years,0.02,1.0,20.0,250.0,2.0,5.0,0.05,0.05,2.0,2.0,0.0,3.0,-1.0,-1.0,2.0,0.3,0.25,0.0,3.0,0.05,5.0,5.0,1.0,0.15,0.0,1.0,18.0,40.32826808273036,39.36289017115235,2005-05-19,2005-06-23,25.0,0.0245250769793702,5.0,4.0,1.0,2.0,5.0,-0.0141058277715144,-0.2308844845430279,"['2005-05-23', '2005-06-02', '2005-06-07', '2005-06-15', '2005-06-21']","['2005-05-20', '2005-05-25', '2005-05-31', '2005-06-10']",BEARISH,1.0973775089310447,0.08928089692697913,0.02401641430926689,0.1079216090757577,0.08928089692697913,0.10093253970329899,0.03161139930762901,,-0.0054808476344885134,-0.010463332718774887,-0.011459867749556662,0.08295968813376339,0.056801166267203676,0.05009353848913149,0.4,8.0,0.29502806154673944
89,UNP,1d,20.0,years,0.02,1.0,20.0,250.0,2.0,5.0,0.05,0.05,2.0,2.0,0.0,3.0,-1.0,-1.0,2.0,0.3,0.25,0.0,3.0,0.05,5.0,5.0,1.0,0.15,0.0,1.0,18.0,39.12924812727713,33.67151005237643,2010-02-23,2010-09-10,140.0,0.1620877135124359,4.0,5.0,0.0,2.0,5.0,0.0008899020031184,1.0431962010551334,"['2010-04-22', '2010-04-29', '2010-06-21', '2010-08-05']","['2010-05-06', '2010-05-20', '2010-05-25', '2010-07-01', '2010-07-19']",BULLISH,1.046947537077626,0.08889614663653463,0.04280445793847043,0.018876544788383836,0.08889614663653463,0.014362146451276434,0.04864947006077305,0.07933671275043526,0.013254967035821037,0.06702812154169162,0.09459254160312669,0.14580509706534342,0.09865948353629737,0.046404081793057154,0.4,8.0,0.29392122453791714
90,CVX,1d,20.0,years,0.02,1.0,20.0,250.0,2.0,5.0,0.05,0.05,2.0,2.0,0.0,3.0,-1.0,-1.0,2.0,0.3,0.25,0.0,3.0,0.05,5.0,5.0,1.0,0.15,0.0,1.0,18.0,127.62465846645048,121.5433229684751,2018-05-22,2018-08-15,60.0,0.0500343034026864,5.0,4.0,2.0,2.0,5.0,-0.0378528252597311,-0.592521252653876,"['2018-06-07', '2018-06-27', '2018-06-29', '2018-07-10', '2018-07-30']","['2018-05-25', '2018-06-05', '2018-07-17', '2018-08-10']",BEARISH,1.0466286019187931,0.013115240868430888,0.01933185290910618,-0.011638736717215275,0.013115240868430888,0.0484015884810174,0.1199126264413892,0.09373932159688111,-0.023941294297106234,-0.03782265176414965,-0.024409243996767607,-0.025968917668340814,-0.07868670883628258,0.04638074849711978,0.4,8.0,0.2939142245491359
91,TSLA,1d,20.0,years,0.02,1.0,20.0,250.0,2.0,5.0,0.05,0.05,2.0,2.0,0.0,3.0,-1.0,-1.0,2.0,0.3,0.25,0.0,3.0,0.05,5.0,5.0,1.0,0.15,0.0,1.0,18.0,2.357866335053302,2.193820552980135,2012-12-03,2013-01-23,35.0,0.074776299205659,3.0,3.0,0.0,0.0,5.0,0.023017962594299,1.2568414730427957,"['2012-12-11', '2012-12-19', '2013-01-02']","['2012-12-13', '2012-12-27', '2013-01-11']",BULLISH,1.034628446899413,0.08731139036680549,0.08805532900272492,0.07282321578084403,0.08731139036680549,0.23071483697639003,0.2151634745015928,0.11605415883034709,-0.0014441471443384782,-0.006354867240730652,-0.006354867240730652,0.13142668721942175,1.8359326948922023,0.04550281716654377,0.4,8.0,0.2936508451499631
92,NVDA,1d,20.0,years,0.02,1.0,20.0,250.0,2.0,5.0,0.05,0.05,2.0,2.0,0.0,3.0,-1.0,-1.0,2.0,0.3,0.25,0.0,3.0,0.05,5.0,5.0,1.0,0.15,0.0,1.0,18.0,0.3959499168344494,0.3452088277589825,2011-10-06,2011-12-15,50.0,0.1469866498051819,4.0,3.0,1.0,1.0,5.0,-0.0088365858390254,-0.1716328696312495,"['2011-10-14', '2011-10-19', '2011-10-28', '2011-12-01']","['2011-10-20', '2011-11-02', '2011-11-17']",BEARISH,1.02235034995278,0.028127393175104858,0.029717743213971286,0.06111538730542221,0.028127393175104858,0.05386957616935679,0.03656718177236648,-0.24715445168832012,0.11303091365377144,0.03743695060418665,0.061195043468476956,0.05759533502915478,0.00935917328318247,0.04460455160481644,0.4,8.0,0.2933813654814449
93,LIN,1d,20.0,years,0.02,1.0,20.0,250.0,2.0,5.0,0.05,0.05,2.0,2.0,0.0,3.0,-1.0,-1.0,2.0,0.3,0.25,0.0,3.0,0.05,5.0,5.0,1.0,0.15,0.0,1.0,18.0,108.5550257510651,103.7012261277162,2012-08-17,2012-11-06,55.0,0.0468056145967942,2.0,4.0,3.0,0.0,5.0,0.0048414978842316,1.2976996087732882,"['2012-09-17', '2012-10-18']","['2012-09-04', '2012-09-26', '2012-10-10', '2012-10-23']",BULLISH,0.978378920110868,0.018245418107846665,-0.04036365855823851,-0.0041605451405357565,0.018245418107846665,-0.008651656035019517,0.02017424906684817,-0.0048046221595873595,-0.005477637572235983,-0.020518049422128787,0.006406113148929735,-0.02627427216701807,0.053848325142117175,0.04138760183657644,0.4,8.0,0.2924162805509729
94,KO,1d,20.0,years,0.02,1.0,20.0,250.0,2.0,5.0,0.05,0.05,2.0,2.0,0.0,3.0,-1.0,-1.0,2.0,0.3,0.25,0.0,3.0,0.05,5.0,5.0,1.0,0.15,0.0,1.0,18.0,41.49952264189658,40.320815037963406,2015-03-23,2015-06-09,55.0,0.0292332286146344,4.0,3.0,1.0,1.0,5.0,0.000996038737035,-0.10249723902757,"['2015-04-06', '2015-04-22', '2015-05-14', '2015-05-20']","['2015-03-25', '2015-04-14', '2015-04-30']",BEARISH,0.9699005216501589,-0.018603538756181946,0.004477619446756933,0.008190568599124655,-0.018603538756181946,-0.035383558700317896,-0.044909473365465406,-0.03170445308381667,-0.002708040700247711,0.009601166910477354,0.008124122100743134,0.009108881248433435,-0.02363365607375983,0.04076732221270969,0.4,8.0,0.2922301966638129
95,CVX,1d,20.0,years,0.02,1.0,20.0,250.0,2.0,5.0,0.05,0.05,2.0,2.0,0.0,3.0,-1.0,-1.0,2.0,0.3,0.25,0.0,3.0,0.05,5.0,5.0,1.0,0.15,0.0,1.0,18.0,164.21413425019486,157.88212712627177,2023-07-24,2023-09-01,30.0,0.0401059147047014,2.0,5.0,0.0,0.0,5.0,0.0198634191620453,1.013561071534258,"['2023-07-31', '2023-08-11']","['2023-07-28', '2023-08-02', '2023-08-08', '2023-08-18', '2023-08-23']",BULLISH,0.9613910682736722,0.04231888775664251,0.01777235614551665,0.05461421239231635,0.04231888775664251,0.04480889864806818,0.05071107782577159,-0.07636980512035152,0.01137063561123225,-0.011926880776265162,-0.015881888566903497,0.04257816758000633,-0.08892605362207162,0.04014477061123218,0.4,8.0,0.2920434311833696
96,BRK-B,1d,20.0,years,0.02,1.0,20.0,250.0,2.0,5.0,0.05,0.05,2.0,2.0,0.0,3.0,-1.0,-1.0,2.0,0.3,0.25,0.0,3.0,0.05,5.0,5.0,1.0,0.15,0.0,1.0,18.0,414.7533316786747,403.9435364888968,2024-05-14,2024-07-11,40.0,0.0267606588874707,4.0,4.0,1.0,1.0,5.0,0.0120592332616297,1.3725017014596057,"['2024-05-16', '2024-05-31', '2024-06-07', '2024-06-24']","['2024-05-28', '2024-06-13', '2024-06-20', '2024-07-01']",BULLISH,0.9417507668655614,0.03405333318359031,0.0346482874251881,0.010094980642295285,0.03405333318359031,0.017308883349992404,0.01298824412404011,0.17540542991165187,0.01006728983308765,-0.014991210127932213,-0.0114566639073094,0.07697937266379529,0.14281883222651565,0.038707886177632,0.4,8.0,0.2916123658532896
97,CCI,1d,20.0,years,0.02,1.0,20.0,250.0,2.0,5.0,0.05,0.05,2.0,2.0,0.0,3.0,-1.0,-1.0,2.0,0.3,0.25,0.0,3.0,0.05,5.0,5.0,1.0,0.15,0.0,1.0,18.0,40.05396345550217,34.775245698920585,2009-11-10,2010-08-05,185.0,0.1517952684586046,5.0,3.0,1.0,1.0,5.0,0.0026835030775829,1.198160816102492,"['2009-12-24', '2010-03-12', '2010-03-16', '2010-06-14', '2010-06-21']","['2009-12-09', '2010-02-05', '2010-05-20']",BULLISH,0.9376247542225876,0.12051276376888657,-0.011922089585430565,0.10667929457444751,0.12051276376888657,0.11125238721724738,0.21769419015343028,0.44403140877831043,0.0812357044325343,0.058638423648330294,0.02917621523098669,0.10440508070550951,0.03060639939488599,0.03840602709633103,0.4,8.0,0.2915218081288993
98,JNJ,1d,20.0,years,0.02,1.0,20.0,250.0,2.0,5.0,0.05,0.05,2.0,2.0,0.0,3.0,-1.0,-1.0,2.0,0.3,0.25,0.0,3.0,0.05,5.0,5.0,1.0,0.15,0.0,1.0,18.0,103.17135281293277,98.37255926516188,2015-01-16,2015-05-19,85.0,0.0487818308643958,4.0,4.0,2.0,0.0,5.0,0.0052214361350615,1.164342613135804,"['2015-01-22', '2015-02-26', '2015-03-05', '2015-03-23']","['2015-02-12', '2015-03-11', '2015-04-01', '2015-04-06']",BULLISH,0.9316966324183505,-0.004592381773396318,-0.03722588284593444,-0.00857634367200832,-0.004592381773396318,0.0007695443609006002,-0.04331033640894397,-0.016635180391908443,-0.017108792422465335,-0.03085350880647289,-0.03210307514315551,-0.010188365525432745,-0.04825071345911274,0.037972325710390165,0.4,8.0,0.291391697713117
99,NVDA,1d,20.0,years,0.02,1.0,20.0,250.0,2.0,5.0,0.05,0.05,2.0,2.0,0.0,3.0,-1.0,-1.0,2.0,0.3,0.25,0.0,3.0,0.05,20.0,5.0,1.0,0.15,0.0,1.0,18.0,0.371019988194168,0.3502370667539458,2013-05-15,2013-08-15,65.0,0.0593395828512433,4.0,4.0,1.0,1.0,5.0,0.0066533535087584,1.3478824999483594,"['2013-05-16', '2013-06-04', '2013-06-19', '2013-08-05']","['2013-06-12', '2013-06-24', '2013-06-27', '2013-08-12']",BULLISH,0.9193372943411389,0.07692309035889419,-0.02379379582230142,0.05755398830119471,0.07692309035889419,0.1466459367716505,0.15384613225287697,0.17694162018315474,-0.02040814340536671,-0.00476188390896822,-0.014285732821657878,-0.01020407170268343,0.03469387622702444,0.03706811654762173,0.4,8.0,0.29112043496428647
100,DUK,1d,20.0,years,0.02,1.0,20.0,250.0,2.0,5.0,0.05,0.05,2.0,2.0,0.0,3.0,-1.0,-1.0,2.0,0.3,0.25,0.0,3.0,0.05,5.0,5.0,1.0,0.15,0.0,1.0,18.0,65.58809150012996,64.17250002607294,2012-09-21,2012-11-05,30.0,0.0220591604422747,4.0,3.0,1.0,2.0,5.0,-0.0135510448064196,-0.0794738238686628,"['2012-10-05', '2012-10-17', '2012-10-23', '2012-10-31']","['2012-09-27', '2012-10-12', '2012-10-25']",BEARISH,0.9185882066387652,-0.009888741927954563,-0.04792375893113203,-0.0017136720075992048,-0.009888741927954563,-0.029972688475848795,-0.03231651087586185,0.01088503625256269,0.011079885520985953,0.014044967230989438,0.014200936434334465,-0.03885770298558392,0.12437579577035332,0.03701331329198037,0.4,8.0,0.29110399398759407
